{
  "title": "Nortriptyline and cognitive-behavioral therapy in the treatment of cigarette smoking",
  "shortTitle": "Hall (1998)",
  "filename": "Hall 1998 (c) primary paper.pdf",
  "introduction": "",
  "content": [
    {
      "type": "TEXT",
      "text": "Nortriptyline and Cognitive-Behavioral Therapy in the Treatment of Cigarette Smoking\n\nBackground: A history of major depressive disorder (MDD) predicts failure to quit smoking. We determined the effect of nortriptyline hydrochloride and cog-nitive-behavioral therapy on smoking treatment outcome in smokers with a history of MDD. The study also addressed the effects of diagnosis and treatment condition on dysphoria after quitting smoking and the effects of dysphoria on abstinence.\n\npression were more likely to be abstinent if treated with 10 sessions of cognitive-behavioral (CB) therapy than if treated with 5 sessions of health education therapy. Zelman and colleagues found that dysphoric smokers were helped by a supportive treatment to a greater extent than nondysphoric smokers. Hall and colleagues, 18 using a control that was equivalent in contact time to cognitivebehavioral therapy, failed to replicate their original findings; one purpose of the proposed study was an attempt to recapture the findings of the original study. Thus, we compared the 10-session CB intervention for smoking cessation with the 5-session health education (HE) control intervention used in the original study. The present study was a 2 񮽙 2 񮽙 2 factorial design in which medication (nortriptyline vs placebo) was crossed with CB vs HE intervention and with presence vs absence of a history of MDD. We hypothesized the following: (1) Participants with a history of MDD would show higher abstinence rates with the administration of nortriptyline than with the administration of placebo. No differences were hypothesized for MDD history-negative participants. (2) Participants with a history of MDD would show higher absti-\n\n\n\n\nThis study was approved by the Institutional Review Board of the University of California, San Francisco. Participants were recruited by public service and newspaper announcements. After giving written, informed consent, 248 individuals completed the Diagnostic Interview Schedule, and their conditions were evaluated for study enrollment. Three withdrew for personal reasons before random assignment. We excluded 46 patients: 27 because of electrocardiographic abnormalities, 11 because of a current MDD, and 8 for other reasons. Thus, 199 participants were randomly assigned to 1 of 2 psychological treatments, CB vs HE therapy, and to 1 of 2 drug treatments, active nortriptyline vs placebo. They were men (n = 89) and women (n = 110), aged 21 to 65 years, who smoked 10 or more cigarettes per day, and who wanted to quit smoking. IndividualswhometthecriteriaforMDDwithin3months of the baseline were excluded and referred for depression treatment. Individuals who were taking prescribed psychotropic drugs or who showed evidence of alcohol or other nonnicotine drug use were excluded. Individuals who had taken a monoamine oxidase inhibitor within the last 2 weeks were excluded even if they were not currently taking that drug. A history of MDD was diagnosed in 65 (32.7%) of the participants. Fifty participants reported recurrent episodes.\n\n\nNortriptyline was dispensed from week 1 through week 12. Psychological treatment occurred from week 4 through week 12. The smoking quit date was during week 5 so that therapeutic nortriptyline levels could be reached.\nParticipants were assessed at baseline on demographic variables, mood, depressive and withdrawal symptoms, and current and historical MDD. Additional assessments were held at weeks 12, 24, 38, and 64. Psychological measures were completed and smoking status was determined at each assessment. Participants were asked if they had smoked at all, even a puff, during the last week. If they had not, and their expired air carbon monoxide level was 10 ppm or less, their urine sample was analyzed for cotinine. If cotinine levels were 341 nmol/L or less, participants were coded as abstinent. In addition to serumsamplesfornortriptylinelevels,compliancewasassessed by capsule counts (capsules allotted − capsules returned). We determined side effects by a checklist administered at baseline and at weeks 1 through 4 and 6.\nParticipants completed the Profile of Mood States (POMS) and a withdrawal scale 21 at 3, 5, and 8 days after their smoking quit date. The Beck Depression Inventory was completed 8 days after the smoking quit date.\nParticipants were stratified on MDD history vs no MDD history and on number of cigarettes smoked and randomly assigned from within stratification blocks to the 4 experimental conditions using a computerized randomization program.\n\n\nBachelor's and master's level survey workers, trained by one of us (R.F.M.), administered the computerized Diagnostic Interview Schedule. Based on the Diagnostic Interview Schedule, participants were classified as MDD history positive or MDD history negative. Negative affect was assessed using the POMS total mood disturbance (TMD) score. We assessed depressive symptoms during the past week by the Beck Depression Inventory and trait anxiety by the StateTrait Anxiety Inventory Trait scale. We administered 2 smoking scales, the Shiffman Tobacco Withdrawal Scale, a widely used scale that shows changes in scores as a function of time since last cigarette smoked and differentiates between partial and total abstinence, and the Fagerstrom Tolerance Questionnaire, 25,26 a measure of tobacco dependence. High scores predict smoking treatment failure and correlate with physiological smoking-induced changes.\n\n\n\n\nMedication was placebo controlled and double blind. Placebo and active drug were identical in appearance. Participants met with study physicians at week 1 to begin the administration of medication and at weeks 2 and 3 for the administration of medication and a review of the side effects. The drug dose was titrated to therapeutic levels for depression. Participants received nortriptyline hydrochloride, 25 mg/d, for 3 days; the dose was then increased to 50 mg/d for 4 days. Serum levels were assessed at week 2; the dose was increased to 75 mg/d if a therapeutic level had not been reached. Serum levels were reassessed at week 4, and the dose increased to 100 mg/d, if necessary, and at week 6, when the dosage was titrated downward, if necessary. The modal dose was 100 mg/d. Whenever titration occurred fora participant receiving active drug, the dose was titrated fora participant receiving placebo in the same cohort. Participants continued to receive the maintenance dose of medication until week 12, and the medication was tapered during week 13.\nnence rates with the CB intervention than with the HE intervention. No differences were hypothesized for MDD history-negative smokers. (3) Major depressive disorder history-positive participants would show greater increases in dysphoria while quitting smoking than MDD history-negative participants. (4) Nortriptyline would be more effective than placebo in reducing the dysphoria occurring after quitting smoking in MDD history-positive participants only, with no difference predicted for MDD history-negative participants. (5) Independent of MDD history, participants with smaller increases in dysphoria immediately after quitting smoking would be more likely to be abstinent at later assessments than participants with greater increases in dysphoria after quitting smoking.\n\n\n\n\nThe demographic, smoking, and psychiatric characteristics of the participants in each experimental group are given in.\n\n\nCB Treatment. The central premise of the CB treatment, described in detail elsewhere, was that thoughts, activities, and mood interact to influence smoking. Sessions focused on mood management skills to manage dysphoria and maintain nonsmoking, including methods to increase the frequency of pleasant activities and decrease relapse-related thoughts, by thought stopping, increasing pleasant thoughts, and rational-emotive techniques. Techniques for increasing positive social contacts, decreasing negative contacts, and improving relationships were developed.\nParticipants met for ten 2-hour group sessions (with 5-11 members) for 8 weeks. The therapist manual is available (S.M.H., R.F.M., and K. Organista, PhD, unpublished data, 1992).\nHE Intervention. The HE intervention, also described in detail elsewhere, 7 provided health-related information and facilitated discussion. A core element was the development of a plan to quit smoking and weekly modification of that plan. Methods used included paper-and-pencil exercises, informational handouts, brief didactic presentations, homework assignments, and smoking monitoring. Participants met for five 90-minute sessions (with 5-11 members) for 8 weeks.\n\n\nThe therapists were 3 doctoral-level clinical psychologists. All had experience in CB and psychoeducational interventions. All therapists treated participants in each of the 4 experimental conditions. Therapists were supervised weekly by two of us (R.F.M. and G.H.). Adherence to the protocol was monitored; if situations arose that were not in the protocol, audiotapes were reviewed and a standard response was developed. Medication was prescribed by 1 of 2 psychiatric residents, who were supervised by two of us (V.I.R. and K.L.S.).\n\n\nThe principal data analysis method was a generalized linear model (GLM), a generalization of the classic linear model estimated using likelihood functions instead of least squares. Generalized linear models allow use of repeated measurements when there is missing data, without excluding participants with data missing or imputing values. We used a computer program (PROC Mixed, SAS Institute Inc, Cary, NC) to estimate and test the GLM. When abstinence was the dependent variable, we also used another computer program (GLMMIX Macro, SAS Institute Inc) that interacts with the first program mentioned (PROC Mixed) to modify it so that it is appropriate for dichotomous data. To evaluate the 3 hypotheses (hypotheses 1, 2, and 5) that predicted abstinence, abstinence status at weeks 12, 24, 38, and 64 were the dependent variables. Hypotheses 1 and 2 were tested by a 2 (active vs placebo drug) by 2 (CB vs HE intervention) 񮽙 2 (MDD vs no MDD history) model. Hypothesis 5 was tested by a model that included the baseline POMS-TMD score, the day 3 POMS-TMD score, and the 3 design variables (drug, psychological treatment condition, and diagnostic status) and their interaction as independent variables.\nFor hypotheses 3 and 4, which predicted changes in dysphoria after the quit date, we completed 3 parallel analyses. In the first analysis, the dependent variables were the POMS-TMD scores at baseline and at days 3, 5, and 8 after the smoking quit date. In the second analysis, withdrawal scores replaced POMS scores. In the third analysis, dependent variables were Beck Depression Inventory scores at baseline and at day 8. The 3 design variables and their interaction were the independent variables.\nTo provide a comparison with recent antidepressant studies, we present continuous abstinence rates (abstinent at each assessment) and use a 񮽙 2 test to evaluate this univariate variable.\nWe evaluated the effects of sex and its interaction with the 3 design variables on abstinence rates at weeks 12 through 64 using 3 GLM models computed using a macro (GLM-MIX). A parallel model was used to determine therapist effects. The effects of nortriptyline levels and capsules ingested on abstinence rates at the 4 assessments were evaluated by 2 GLM analyses. For nortriptyline, the independent variables were serum level, diagnostic category, and their interaction; for capsules, the independent variables were active drug vs placebo, capsule count, and their interaction. For GLM analyses, if the overall effect was significant, post hoc contrasts were completed using a computer program (PROC Mixed) and, if appropriate, a macro (GLMMIX). Effect sizes are expressed as odds ratios (ORs) and confidence intervals (CIs).\nWe used Student t tests and 񮽙 2 tests to determine whether there were differences between participants with and participants without missing data at assessments on baseline demographic, smoking, mood, and psychiatric variables (P񮽙.05, all comparisons).\nAnalysis of variance and 񮽙 2 tests were used to evaluate baseline differences among treatment conditions. A 񮽙 2 test was used to evaluate the rate of occurrence of side effects. The tests were 2 tailed, with P񮽙.05 for all comparisons.\nThe demographic, smoking, and psychiatric characteristics of MDD history-positive and MDD historynegative participants are given in.\n\n\nForty-seven (24%) of the participants reported that they did not want to complete treatment. Of these participants, 23 dropped out because of personal reasons, 5 dropped out because of medication side effects (4 in the active drug group and 1 in the placebo group), and 11 dropped out because of program issues (eg, dislike of the group format); 1 participant moved, 1 had an unrelated medical problem, and 6 gave no reason for dropping out. There were no differences between psychological interventions (񮽙 [N = 199) = 4.54, P = .04; OR, 2.07; 95% CI, 1.05-4.06).\nThe no-show rates at each assessment were as follow: week 12, 19%; week 24, 17%; week 38, 20%; and week 64, 17%. There were no significant differences in the number of assessments missed for any of the design variables (for the psychological treatment condition, t 197 񮽙.42; for the drug treatment condition, t 197 = 1.63, P = .25; and for the diagnosis, t 197 = .72).\n\n\nThe main effect for the drug was significant (񮽙 2 1 [N = 199] = 4.34, P = .04; OR, 2.42; 95% CI, 1.75-3.35), as *There were no significant differences among treatment conditions, except that psychological treatment conditions differed in the presence or absence of previous quit attempts (񮽙 2 1 [N = 196] = 6.9, P񮽙.009) and drug condition on baseline withdrawal scores ( t 195 = 1.9, P = .53). Neither potential confounding variable correlated significantly with abstinence rates at any assessment. CB indicates cognitive-behavioral; HE, health education; POMS, Profile of Mood States; TMD, total mood disturbance; and MDD, major depressive disorder.\n†Data are given as the mean (SD). ‡Data are given as the number (percentage) of subjects. *Data are given as the mean (SD). †Data are given as the number (percentage) of subjects. ‡There were no significant differences, except that MDD history-positive participants were less likely to be married or have a partner than MDD history-negative participants (񮽙 In the active drug condition, 24% of the participants achieved continuous abstinence; in the placebo drug condition, 12% achieved continuous abstinence (񮽙 2 1 [N = 199] = 5.03, P = .02; OR, 2.3; 95% CI, 1.1-5.0). We concluded that there was evidence of superiority of nortriptyline vs placebo for cigarette smokers, for MDD history-negative and MDD history-positive smokers.\nThe abstinence rates by psychological treatment condition and diagnostic grouping are shown in. As indicates, MDD history-positive participants assigned to the CB intervention achieved abstinence rates comparable with the MDD history-negative participants, but MDD history-positive subjects assigned to the HE intervention were less likely to be abstinent than those assigned to the CB intervention.\nWe concluded that we achieved support for the second hypothesis, that participants with a history of MDD would be more likely to benefit from CB therapy than would participants without a history of MDD. Abstinence rates by diagnosis, psychological treatment condition, and active vs placebo drug are given in.\nAbstinence rates did not differ because of therapist, the interaction of therapist with drug, psychological treatment, or drug 񮽙 psychological treatment condition (P񮽙.05, all comparisons).. Abstinence rates across time for participants receiving active nortriptyline hydrochloride (n = 99) and placebo (n = 100). The effect of drug is significant across weeks 12 through 64 whether the dependent variable is abstinence at each assessment ( P = .04) or continuous abstinence for the year ( P = .02). There were no significant main or interaction effects for diagnosis ( P񮽙.05, all comparisons).. Abstinence rates across time for those in the cognitive-behavioral (CB) (n = 100) vs health education (HE) (n = 99) intervention by major depressive disorder (MDD) history-negative (n = 134) vs MDD history-positive (n = 65) diagnosis. The significant interaction effect ( P = .05) reflects a significantly poorer abstinence rate for MDD history-positive subjects (n = 31) than for MDD history-negative subjects (n = 68) in the HE intervention group ( 񮽙 2 1,68 = 6.44, P = .01; OR, 1.70; 95% CI, 1.00-2.98) and no significant difference ( P = .91) between MDD history-positive (n = 34) and MDD history-negative (n = 66) participants in the CB intervention group. *Abstinence rates computed with missing data omitted are in boldface. Abstinence rates with missing data coded or indicative of smoking are in parentheses. The sample size in the first column indicates the number of participants originally assigned to the condition; the columns for weeks 12, 24, 38, and 64 are the number of subjects assessed for the reference cells at that point. MDD indicates major depressive disorder.\n\n\nNortriptyline serum levels for participants who were assigned to receive active nortriptyline and who were abstinent the week before the blood draw predicted abstinence at weeks 12, 24, 38, and 64 (񮽙 2 1 [N = 86] = 14.28, P񮽙.001; OR, 1.02; 95% CI, 1.01-1.03). Abstinent participants were selected because smoking is known to result in lowered nortriptyline levels. Of the participants who received nortriptyline for whom we were able to obtain serum samples at week 6, 44 (51%) achieved serum levels considered therapeutic for the treatment of MDD. Mean week 6 nortriptyline serum levels for abstinent and smoking subjects by week are given in.\nCapsules ingested did not differ between conditions (񮽙 2 1 [N = 199] = 1.43, P = .23) nor did capsules interact with drug (񮽙 2 1 [N = 199]񮽙.68). Controlling for these 2 variables, drug (abstinent vs placebo) remained significant (񮽙 2 1 [N = 199] = 4.32, P = .04; OR, 3.03; 95% CI, 1.07-8.57).\n\n\nOf the 14 potential side effects (dry mouth, rash, weight gain, lightheadedness, shaky hands, constipation, blurry vision, sexual problems, difficulty in urinating, racing heart, swollen legs, chest pain or pressure, shortness of breath, and \"other\"), postbaseline endorsement rates differed between drug condition for 4: (1) dry mouth (active = 78%; placebo = 33%; 񮽙 2 1 [N = 198] = 39.6, P񮽙.001; OR, 7.00; 95% CI, 3.73-13.17); (2) lightheadedness (active, 49%; placebo, 22%; 񮽙 2 1 [N = 198] = 16.01, P񮽙.001; OR, 2.42; 95% CI, 1.85-6.35); (3) shaky hands (active = 23%; placebo = 11%; 񮽙 2 1 [N = 198] = 5.11, P = .02; OR, 2.42; 95% CI, 1.11-5.29); and (4) blurry vision (active = 16%; placebo = 6%; 񮽙 2 1 [N = 198] = 5.11, P = .02; OR, 3.00; 95% CI, 1.12-7.99).\n\n\nSex interacted with diagnostic category (񮽙 1,110 = 9.82, P = .002; OR, 2.05; 95% CI, 1.32-3.23) but not for MDD history-positive men (񮽙 2 1,89 = 1.66, P = .20). For women, the abstinence rates were as follow: week 12, MDD history positive = 38%, MDD history negative = 53%; week 24, MDD history positive = 22%, MDD history negative = 47%; week 38, MDD history positive = 29%, MDD history negative = 39%; and week 64, MDD history positive = 20%, MDD history negative = 37%. For men, the abstinence rates were as follow: week 12, MDD history positive = 61%, MDD history negative = 52%; week 24, MDD history positive = 45%, MDD history negative = 37%; week 38, MDD history positive = 47%, MDD history negative = 36%; and week 64, MDD history positive = 37%, MDD history negative = 31%.\n\n\nFor POMS-TMD score, there was a significant drug (active vs placebo) by assessment (baseline and days 3, 5, and 8) interaction effect (F 3,359 = 3.30, P = .02). As shows, POMS-TMD scores for participants given placebo increased from baseline today 3, while the scores for those given active drug decreased. There was also a significant main effect for assessment (F 3,359 = 6.77, P = .001.) The hypothesized diagnostic status by assessment interaction failed to meet traditional levels of significance (  *Data are given as the mean (SD) level of nortriptyline (given as nanomoles per liter). The maintenance nortriptyline serum level predicts abstinence at later assessments ( P񮽙.001). Nortriptyline was given as nortriptyline hydrochloride. mean = 28.11, SD = 33.37) and decrease thereafter (day 5 mean = 17.67, SD = 28.03; day 8 mean = 15.53, SD = 27.39). There were no significant effects for Beck Depression Inventory (P񮽙.05 for all) or total withdrawal symptoms (P񮽙.05 for all).\n\n\nWe hypothesized that increases in the POMS-TMD score occurring from baseline to the smoking quit date would predict lower rates of abstinence. The day 3 score was used because it showed the greatest change from baseline. Controlling for the baseline POMS-TMD score, the day 3 score interacted with diagnostic history (񮽙 2 1 [N = 199] = 5.26, P = .02). The POMS-TMD scores at baseline and at day 3 by diagnostic condition for subjects smoking and abstinent at weeks 12 and 64 are given in. Only 2 weeks were selected for clarity of presentation. Data at weeks 24 and 38 show similar patterns and magnitude of change.\nAs indicates, the postquit increase in poor mood predicted abstinence for MDD history-negative participants only.\n\n\nThe outcome data suggest that nortriptyline is a useful adjunct to smoking cessation efforts. This is supported by the correlation between serum levels and abstinence status. That it reflects more than compliance is indicated by the sustained significance of nortriptyline dose when net capsules ingested for active and placebo treatment were entered into the statistical model. Although there were differences inside effects between the active and placebo groups, they were not perceived as sufficiently troublesome to cause a high dropout rate. In fact, the dropout rate for participants in the active drug group was less than that for participants in the the placebo group.\nIndustry-sponsored studies have garnered a Federal Drug Administration indication for bupropion. Yet nortriptyline, a generic drug, is less expensive. Contrary to hypotheses, there was not a differential abstinence effect for smokers with a history of MDD using nortriptyline. These findings parallel those reported by others using bupropion. These 2 antidepressant drugs have similar effects on smoking cessation; both have effects on noradrenergic transmission, although effects on other neurotransmitter systems may differ between the 2 drugs. Independent of diagnosis, nortriptyline seems to have alleviated the increases in poor mood that occurred the first few days after smoking cessation. This finding has implications for the use of antidepressants to ameliorate the negative mood that follows smoking cessation in nonclinically depressed patients, as well as for use of the drug for instances of poor mood that are not part of a diagnosable disorder. It could be argued that differences in rates of smoking cessation among the 4 experimental cells could have confounded the observed differences in mood between the active and placebo drug conditions. We did not collect smoking data on days 3, 5, and 98, so we cannot definitely refute this argument. However, the effects observed are not easily explainable by possible differences in cessation rates. Dysphoria decreased from baseline today 3 in participants in the nortriptyline treatment group and increased in participants in the placebo group. Increases in dysphoria are frequently noted after quitting smoking ; therefore, the observed differences between the drug conditions are not likely to be due to confounding by smoking quit rates.\nWe replicated the original findings that MDD history-positive participants are differentially helped by a 10-session CB intervention when it is compared with a 5-session HE intervention. These results contrast with alack of significant enhancement of outcome for MDD history-positive participants when therapeutic contact time was held equivalent in the control condition. Thus, increased psychotherapeutic contact may differentially benefit smokers with a depressive history. This interpretation of the data is further supported by the failure of the psychotherapeutic condition to differentially alter cessation-induced changes in mood.\nA history of MDD has predicted poor treatment outcome in some studies 6 but not others. Only a few reported sex differences, and lack of analysis for such differences may explain the inconsistencies in the literature. The results do not support the hypothesis that MDD history-positive participants would have a greater increase in negative affect after quitting smoking than MDD history-negative smokers. Indeed, while MDD historynegative smokers did show an increase in poor mood after quitting smoking, MDD history-positive smokers showed a nonsignificant decrease. These data are not consistent with earlier investigations. These earlier investigations are difficult to compare with the current study, because of lack of baseline data, 8 failure to include sub- *Data are given as the mean (SD) at baseline and day 3. POMS indicates Profile of Mood States; TMD, total mood disturbance. Major depressive disorder history-negative participants showed increased POMS-TMD scores from baseline today 3, and the magnitude of this increase predicted smoking at weeks 12 through 64 (񮽙 2 1,134 = 5.48, P = .02; OR, 1.01; 95% confidence interval, 1.00-1.01). Major depressive disorder history-positive participants showed decreased POMS-TMD scores for baseline today 3, but the magnitude of the decrease was not a significant predictor of smoking status (񮽙 2 1,65 = 2.26, P = .13).\njects who successfully quit, or small sample size. However, the failure of current data to agree with the existing literature, even though the literature is imperfect, is troubling, and the current findings should be considered tentative until replicated. Similarly, increase in the POMS-TMD scores from baseline to 3 days after the quit date predicted failure to maintain abstinence for MDD history-negative participants but not for MDD history-positive participants. For the latter participants, a greater decrease in poor mood from baseline today 3 was related to abstinence but not significantly so.\nThere are limitations to the study. First, the outcomes reported do not represent those that could be expected were nortriptyline to be used in atypical medical setting. Psychological intervention in this study provided more contact time and intensity than could be provided by most physicians. Second, this is a volunteer sample of participants who sought treatment and who were more motivated to change than the smokers encountered in physicians' practices. Third, most participants, independent of condition, were smoking at the 64-week follow-up.",
      "page": 1
    },
    {
      "type": "TABLE",
      "cells": [
        {
          "value": "11.6, P񮽙.001) and to have",
          "rowHeaders": [
            "2",
            "1 [N = 197] ="
          ],
          "columnHeaders": [
            "participants were less likely to be married or have a partner than MDD"
          ]
        },
        {
          "value": "4.90, P񮽙.001)",
          "rowHeaders": [
            "higher Profile of Mood States total mood disturbance ( t195 ="
          ],
          "columnHeaders": [
            "participants were less likely to be married or have a partner than MDD"
          ]
        },
        {
          "value": "5.03, P񮽙.001) scores.",
          "rowHeaders": [
            "and Beck Depression Inventory ( t",
            "190 ="
          ],
          "columnHeaders": [
            "participants were less likely to be married or have a partner than MDD"
          ]
        }
      ],
      "page": 1
    },
    {
      "type": "TABLE",
      "cells": [
        {
          "value": "12",
          "rowHeaders": [
            "Characteristics",
            "Receiving placebo"
          ],
          "columnHeaders": [
            "Table 3. Abstinence Rates at All Assessments"
          ]
        },
        {
          "value": "24",
          "rowHeaders": [
            "Characteristics",
            "Receiving placebo"
          ],
          "columnHeaders": [
            "Table 3. Abstinence Rates at All Assessments"
          ]
        },
        {
          "value": "38",
          "rowHeaders": [
            "Characteristics",
            "Receiving active drug"
          ],
          "columnHeaders": [
            "Table 3. Abstinence Rates at All Assessments"
          ]
        },
        {
          "value": "64",
          "rowHeaders": [
            "Characteristics",
            "Receiving active drug"
          ],
          "columnHeaders": [
            "Table 3. Abstinence Rates at All Assessments"
          ]
        },
        {
          "value": "36 (31)",
          "rowHeaders": [
            "Receiving placebo"
          ],
          "columnHeaders": [
            "Table 3. Abstinence Rates at All Assessments"
          ]
        },
        {
          "value": "30 (25)",
          "rowHeaders": [
            "Receiving placebo"
          ],
          "columnHeaders": [
            "Table 3. Abstinence Rates at All Assessments"
          ]
        },
        {
          "value": "33 (25)",
          "rowHeaders": [
            "Receiving placebo"
          ],
          "columnHeaders": [
            "Table 3. Abstinence Rates at All Assessments"
          ]
        },
        {
          "value": "27 (22)",
          "rowHeaders": [
            "Receiving placebo"
          ],
          "columnHeaders": [
            "Table 3. Abstinence Rates at All Assessments"
          ]
        },
        {
          "value": "28",
          "rowHeaders": [
            "(n = 32)"
          ],
          "columnHeaders": [
            "Table 3. Abstinence Rates at All Assessments"
          ]
        },
        {
          "value": "27",
          "rowHeaders": [
            "(n = 32)"
          ],
          "columnHeaders": [
            "Table 3. Abstinence Rates at All Assessments"
          ]
        },
        {
          "value": "24",
          "rowHeaders": [
            "(n = 32)"
          ],
          "columnHeaders": [
            "Table 3. Abstinence Rates at All Assessments"
          ]
        },
        {
          "value": "26",
          "rowHeaders": [
            "(n = 32)"
          ],
          "columnHeaders": [
            "Table 3. Abstinence Rates at All Assessments"
          ]
        },
        {
          "value": "74 (61)",
          "rowHeaders": [
            "Receiving active drug"
          ],
          "columnHeaders": [
            "Table 3. Abstinence Rates at All Assessments"
          ]
        },
        {
          "value": "46 (39)",
          "rowHeaders": [
            "Receiving active drug"
          ],
          "columnHeaders": [
            "Table 3. Abstinence Rates at All Assessments"
          ]
        },
        {
          "value": "48 (42)",
          "rowHeaders": [
            "Receiving active drug"
          ],
          "columnHeaders": [
            "Table 3. Abstinence Rates at All Assessments"
          ]
        },
        {
          "value": "44 (36)",
          "rowHeaders": [
            "Receiving active drug"
          ],
          "columnHeaders": [
            "Table 3. Abstinence Rates at All Assessments"
          ]
        },
        {
          "value": "27",
          "rowHeaders": [
            "(n = 33)"
          ],
          "columnHeaders": [
            "Table 3. Abstinence Rates at All Assessments"
          ]
        },
        {
          "value": "28",
          "rowHeaders": [
            "(n = 33)"
          ],
          "columnHeaders": [
            "Table 3. Abstinence Rates at All Assessments"
          ]
        },
        {
          "value": "29",
          "rowHeaders": [
            "(n = 33)"
          ],
          "columnHeaders": [
            "Table 3. Abstinence Rates at All Assessments"
          ]
        },
        {
          "value": "27",
          "rowHeaders": [
            "(n = 33)"
          ],
          "columnHeaders": [
            "Table 3. Abstinence Rates at All Assessments"
          ]
        },
        {
          "value": "30 (20)",
          "rowHeaders": [
            "Receiving placebo"
          ],
          "columnHeaders": [
            "Table 3. Abstinence Rates at All Assessments"
          ]
        },
        {
          "value": "31 (23)",
          "rowHeaders": [
            "Receiving placebo"
          ],
          "columnHeaders": [
            "Table 3. Abstinence Rates at All Assessments"
          ]
        },
        {
          "value": "25 (20)",
          "rowHeaders": [
            "Receiving placebo"
          ],
          "columnHeaders": [
            "Table 3. Abstinence Rates at All Assessments"
          ]
        },
        {
          "value": "24 (20)",
          "rowHeaders": [
            "Receiving placebo"
          ],
          "columnHeaders": [
            "Table 3. Abstinence Rates at All Assessments"
          ]
        },
        {
          "value": "23",
          "rowHeaders": [
            "(n = 35)"
          ],
          "columnHeaders": [
            "Table 3. Abstinence Rates at All Assessments"
          ]
        },
        {
          "value": "26",
          "rowHeaders": [
            "(n = 35)"
          ],
          "columnHeaders": [
            "Table 3. Abstinence Rates at All Assessments"
          ]
        },
        {
          "value": "28",
          "rowHeaders": [
            "(n = 35)"
          ],
          "columnHeaders": [
            "Table 3. Abstinence Rates at All Assessments"
          ]
        },
        {
          "value": "29",
          "rowHeaders": [
            "(n = 35)"
          ],
          "columnHeaders": [
            "Table 3. Abstinence Rates at All Assessments"
          ]
        },
        {
          "value": "66 (56)",
          "rowHeaders": [
            "Receiving active drug"
          ],
          "columnHeaders": [
            "Table 3. Abstinence Rates at All Assessments"
          ]
        },
        {
          "value": "61 (50)",
          "rowHeaders": [
            "Receiving active drug"
          ],
          "columnHeaders": [
            "Table 3. Abstinence Rates at All Assessments"
          ]
        },
        {
          "value": "39 (32)",
          "rowHeaders": [
            "Receiving active drug"
          ],
          "columnHeaders": [
            "Table 3. Abstinence Rates at All Assessments"
          ]
        },
        {
          "value": "41 (35)",
          "rowHeaders": [
            "Receiving active drug"
          ],
          "columnHeaders": [
            "Table 3. Abstinence Rates at All Assessments"
          ]
        },
        {
          "value": "29",
          "rowHeaders": [
            "(n = 34)"
          ],
          "columnHeaders": [
            "Table 3. Abstinence Rates at All Assessments"
          ]
        },
        {
          "value": "28",
          "rowHeaders": [
            "(n = 34)"
          ],
          "columnHeaders": [
            "Table 3. Abstinence Rates at All Assessments"
          ]
        },
        {
          "value": "28",
          "rowHeaders": [
            "(n = 34)"
          ],
          "columnHeaders": [
            "Table 3. Abstinence Rates at All Assessments"
          ]
        },
        {
          "value": "29",
          "rowHeaders": [
            "(n = 34)"
          ],
          "columnHeaders": [
            "Table 3. Abstinence Rates at All Assessments"
          ]
        },
        {
          "value": "21 (19)",
          "rowHeaders": [
            "Receiving placebo"
          ],
          "columnHeaders": [
            "Table 3. Abstinence Rates at All Assessments"
          ]
        },
        {
          "value": "15 (13)",
          "rowHeaders": [
            "Receiving placebo"
          ],
          "columnHeaders": [
            "Table 3. Abstinence Rates at All Assessments"
          ]
        },
        {
          "value": "20 (13)",
          "rowHeaders": [
            "Receiving placebo"
          ],
          "columnHeaders": [
            "Table 3. Abstinence Rates at All Assessments"
          ]
        },
        {
          "value": "15 (13)",
          "rowHeaders": [
            "Receiving placebo"
          ],
          "columnHeaders": [
            "Table 3. Abstinence Rates at All Assessments"
          ]
        },
        {
          "value": "14",
          "rowHeaders": [
            "(n = 16)"
          ],
          "columnHeaders": [
            "Table 3. Abstinence Rates at All Assessments"
          ]
        },
        {
          "value": "13",
          "rowHeaders": [
            "(n = 16)"
          ],
          "columnHeaders": [
            "Table 3. Abstinence Rates at All Assessments"
          ]
        },
        {
          "value": "10",
          "rowHeaders": [
            "(n = 16)"
          ],
          "columnHeaders": [
            "Table 3. Abstinence Rates at All Assessments"
          ]
        },
        {
          "value": "13",
          "rowHeaders": [
            "(n = 16)"
          ],
          "columnHeaders": [
            "Table 3. Abstinence Rates at All Assessments"
          ]
        },
        {
          "value": "47 (47)",
          "rowHeaders": [
            "Receiving active drug"
          ],
          "columnHeaders": [
            "Table 3. Abstinence Rates at All Assessments"
          ]
        },
        {
          "value": "33 (33)",
          "rowHeaders": [
            "Receiving active drug"
          ],
          "columnHeaders": [
            "Table 3. Abstinence Rates at All Assessments"
          ]
        },
        {
          "value": "46 (40)",
          "rowHeaders": [
            "Receiving active drug"
          ],
          "columnHeaders": [
            "Table 3. Abstinence Rates at All Assessments"
          ]
        },
        {
          "value": "23 (20)",
          "rowHeaders": [
            "Receiving active drug"
          ],
          "columnHeaders": [
            "Table 3. Abstinence Rates at All Assessments"
          ]
        },
        {
          "value": "15",
          "rowHeaders": [
            "(n = 15)"
          ],
          "columnHeaders": [
            "Table 3. Abstinence Rates at All Assessments"
          ]
        },
        {
          "value": "15",
          "rowHeaders": [
            "(n = 15)"
          ],
          "columnHeaders": [
            "Table 3. Abstinence Rates at All Assessments"
          ]
        },
        {
          "value": "13",
          "rowHeaders": [
            "(n = 15)"
          ],
          "columnHeaders": [
            "Table 3. Abstinence Rates at All Assessments"
          ]
        },
        {
          "value": "13",
          "rowHeaders": [
            "(n = 15)"
          ],
          "columnHeaders": [
            "Table 3. Abstinence Rates at All Assessments"
          ]
        },
        {
          "value": "54 (41)",
          "rowHeaders": [
            "Receiving placebo"
          ],
          "columnHeaders": [
            "Table 3. Abstinence Rates at All Assessments"
          ]
        },
        {
          "value": "21 (18)",
          "rowHeaders": [
            "Receiving placebo"
          ],
          "columnHeaders": [
            "Table 3. Abstinence Rates at All Assessments"
          ]
        },
        {
          "value": "27 (24)",
          "rowHeaders": [
            "Receiving placebo"
          ],
          "columnHeaders": [
            "Table 3. Abstinence Rates at All Assessments"
          ]
        },
        {
          "value": "36 (29)",
          "rowHeaders": [
            "Receiving placebo"
          ],
          "columnHeaders": [
            "Table 3. Abstinence Rates at All Assessments"
          ]
        },
        {
          "value": "13",
          "rowHeaders": [
            "(n = 17)"
          ],
          "columnHeaders": [
            "Table 3. Abstinence Rates at All Assessments"
          ]
        },
        {
          "value": "14",
          "rowHeaders": [
            "(n = 17)"
          ],
          "columnHeaders": [
            "Table 3. Abstinence Rates at All Assessments"
          ]
        },
        {
          "value": "15",
          "rowHeaders": [
            "(n = 17)"
          ],
          "columnHeaders": [
            "Table 3. Abstinence Rates at All Assessments"
          ]
        },
        {
          "value": "14",
          "rowHeaders": [
            "(n = 17)"
          ],
          "columnHeaders": [
            "Table 3. Abstinence Rates at All Assessments"
          ]
        },
        {
          "value": "62 (47)",
          "rowHeaders": [
            "Receiving active drug"
          ],
          "columnHeaders": [
            "Table 3. Abstinence Rates at All Assessments"
          ]
        },
        {
          "value": "50 (41)",
          "rowHeaders": [
            "Receiving active drug"
          ],
          "columnHeaders": [
            "Table 3. Abstinence Rates at All Assessments"
          ]
        },
        {
          "value": "46 (35)",
          "rowHeaders": [
            "Receiving active drug"
          ],
          "columnHeaders": [
            "Table 3. Abstinence Rates at All Assessments"
          ]
        },
        {
          "value": "29 (24)",
          "rowHeaders": [
            "Receiving active drug"
          ],
          "columnHeaders": [
            "Table 3. Abstinence Rates at All Assessments"
          ]
        },
        {
          "value": "13",
          "rowHeaders": [
            "(n = 17)"
          ],
          "columnHeaders": [
            "Table 3. Abstinence Rates at All Assessments"
          ]
        },
        {
          "value": "14",
          "rowHeaders": [
            "(n = 17)"
          ],
          "columnHeaders": [
            "Table 3. Abstinence Rates at All Assessments"
          ]
        },
        {
          "value": "13",
          "rowHeaders": [
            "(n = 17)"
          ],
          "columnHeaders": [
            "Table 3. Abstinence Rates at All Assessments"
          ]
        },
        {
          "value": "14",
          "rowHeaders": [
            "(n = 17)"
          ],
          "columnHeaders": [
            "Table 3. Abstinence Rates at All Assessments"
          ]
        }
      ],
      "page": 1
    },
    {
      "type": "TABLE",
      "cells": [
        {
          "value": "2",
          "rowHeaders": [
            "[N = 199] ="
          ],
          "columnHeaders": [
            "positive women than for MDD history-negative women"
          ]
        },
        {
          "value": "1",
          "rowHeaders": [
            "[N = 199] ="
          ],
          "columnHeaders": [
            "positive women than for MDD history-negative women"
          ]
        },
        {
          "value": "9.08,",
          "rowHeaders": [
            "[N = 199] ="
          ],
          "columnHeaders": [
            "positive women than for MDD history-negative women"
          ]
        },
        {
          "value": "2",
          "rowHeaders": [
            "[N = 199] =",
            "P = .002),",
            "not",
            "with",
            "drug",
            "(񮽙"
          ],
          "columnHeaders": [
            "positive women than for MDD history-negative women"
          ]
        },
        {
          "value": "1",
          "rowHeaders": [
            "[N = 199] =",
            "P = .002),",
            "not",
            "with",
            "drug",
            "(񮽙"
          ],
          "columnHeaders": [
            "positive women than for MDD history-negative women"
          ]
        },
        {
          "value": "3.33, P =",
          "rowHeaders": [
            "[N = 199] ="
          ],
          "columnHeaders": [
            "positive women than for MDD history-negative women"
          ]
        },
        {
          "value": ".07) or psychological treatment con-",
          "rowHeaders": [
            "[N = 199] ="
          ],
          "columnHeaders": [
            "positive women than for MDD history-negative women"
          ]
        },
        {
          "value": "2",
          "rowHeaders": [],
          "columnHeaders": [
            "positive women than for MDD history-negative women"
          ]
        },
        {
          "value": "1 [N = 199]񮽙1, P = .93). Post hoc analyses in-",
          "rowHeaders": [
            "dition (񮽙"
          ],
          "columnHeaders": [
            "positive women than for MDD history-negative women"
          ]
        },
        {
          "value": "2",
          "rowHeaders": [
            "[N = 199] ="
          ],
          "columnHeaders": [
            "positive women than for MDD history-negative women"
          ]
        }
      ],
      "page": 1
    },
    {
      "type": "TABLE",
      "cells": [
        {
          "value": "132.2 (101.5)",
          "rowHeaders": [
            "Relapsed"
          ],
          "columnHeaders": [
            "Table 4. Maintenance Nortriptyline Serum Levels",
            "12"
          ]
        },
        {
          "value": "151.6 (120.8)",
          "rowHeaders": [
            "Relapsed"
          ],
          "columnHeaders": [
            "Table 4. Maintenance Nortriptyline Serum Levels",
            "24"
          ]
        },
        {
          "value": "162.3 (107.5)",
          "rowHeaders": [
            "Relapsed"
          ],
          "columnHeaders": [
            "Table 4. Maintenance Nortriptyline Serum Levels",
            "38"
          ]
        },
        {
          "value": "166.1 (116.7)",
          "rowHeaders": [
            "Relapsed"
          ],
          "columnHeaders": [
            "Table 4. Maintenance Nortriptyline Serum Levels",
            "64"
          ]
        },
        {
          "value": "209.8 (116.3)",
          "rowHeaders": [
            "Abstinent"
          ],
          "columnHeaders": [
            "Table 4. Maintenance Nortriptyline Serum Levels",
            "12"
          ]
        },
        {
          "value": "218.9 (108.3)",
          "rowHeaders": [
            "Abstinent"
          ],
          "columnHeaders": [
            "Table 4. Maintenance Nortriptyline Serum Levels",
            "24"
          ]
        },
        {
          "value": "216.6 (112.1)",
          "rowHeaders": [
            "Abstinent"
          ],
          "columnHeaders": [
            "Table 4. Maintenance Nortriptyline Serum Levels",
            "38"
          ]
        },
        {
          "value": "219.6 (117.8)",
          "rowHeaders": [
            "Abstinent"
          ],
          "columnHeaders": [
            "Table 4. Maintenance Nortriptyline Serum Levels",
            "64"
          ]
        }
      ],
      "page": 1
    },
    {
      "type": "TABLE",
      "cells": [
        {
          "value": "21.4 (30.2)",
          "rowHeaders": [
            "Baseline"
          ],
          "columnHeaders": [
            "Table 5. POMS-TMD Scores for Participants",
            "Abstinent",
            "Participants",
            "(n = 47)"
          ]
        },
        {
          "value": "19.5 (26.3)",
          "rowHeaders": [
            "Baseline"
          ],
          "columnHeaders": [
            "Table 5. POMS-TMD Scores for Participants",
            "Smoking",
            "Participants",
            "(n = 38)"
          ]
        },
        {
          "value": "26.3 (31.4)",
          "rowHeaders": [
            "Day 3"
          ],
          "columnHeaders": [
            "Table 5. POMS-TMD Scores for Participants",
            "Abstinent",
            "Participants",
            "(n = 47)"
          ]
        },
        {
          "value": "28.4 (32.3)",
          "rowHeaders": [
            "Day 3"
          ],
          "columnHeaders": [
            "Table 5. POMS-TMD Scores for Participants",
            "Smoking",
            "Participants",
            "(n = 38)"
          ]
        },
        {
          "value": "19.2 (29.4)",
          "rowHeaders": [
            "Baseline"
          ],
          "columnHeaders": [
            "Table 5. POMS-TMD Scores for Participants",
            "Abstinent",
            "Participants",
            "(n = 47)",
            "(n = 31)"
          ]
        },
        {
          "value": "20.9 (28.0)",
          "rowHeaders": [
            "Baseline"
          ],
          "columnHeaders": [
            "Table 5. POMS-TMD Scores for Participants",
            "Smoking",
            "Participants",
            "(n = 38)",
            "(n = 53)"
          ]
        },
        {
          "value": "24.1 (26.4)",
          "rowHeaders": [
            "Day 3"
          ],
          "columnHeaders": [
            "Table 5. POMS-TMD Scores for Participants",
            "Abstinent",
            "Participants",
            "(n = 47)",
            "(n = 31)"
          ]
        },
        {
          "value": "30.6 (37.4)",
          "rowHeaders": [
            "Day 3"
          ],
          "columnHeaders": [
            "Table 5. POMS-TMD Scores for Participants",
            "Smoking",
            "Participants",
            "(n = 38)",
            "(n = 53)"
          ]
        },
        {
          "value": "42.4 (33.8)",
          "rowHeaders": [
            "Baseline"
          ],
          "columnHeaders": [
            "Table 5. POMS-TMD Scores for Participants",
            "Abstinent",
            "Participants",
            "(n = 47)",
            "(n = 31)",
            "(n = 19)"
          ]
        },
        {
          "value": "50.8 (38.2)",
          "rowHeaders": [
            "Baseline"
          ],
          "columnHeaders": [
            "Table 5. POMS-TMD Scores for Participants",
            "Smoking",
            "Participants",
            "(n = 38)",
            "(n = 53)",
            "(n = 23)"
          ]
        },
        {
          "value": "32.3 (40.2)",
          "rowHeaders": [
            "Day 3"
          ],
          "columnHeaders": [
            "Table 5. POMS-TMD Scores for Participants",
            "Abstinent",
            "Participants",
            "(n = 47)",
            "(n = 31)",
            "(n = 19)"
          ]
        },
        {
          "value": "45.8 (32.5)",
          "rowHeaders": [
            "Day 3"
          ],
          "columnHeaders": [
            "Table 5. POMS-TMD Scores for Participants",
            "Smoking",
            "Participants",
            "(n = 38)",
            "(n = 53)",
            "(n = 23)"
          ]
        },
        {
          "value": "58.6 (46.0)",
          "rowHeaders": [
            "Baseline"
          ],
          "columnHeaders": [
            "Table 5. POMS-TMD Scores for Participants",
            "Abstinent",
            "Participants",
            "(n = 47)",
            "(n = 31)",
            "(n = 19)",
            "(n = 10)"
          ]
        },
        {
          "value": "42.3 (34.4)",
          "rowHeaders": [
            "Baseline"
          ],
          "columnHeaders": [
            "Table 5. POMS-TMD Scores for Participants",
            "Smoking",
            "Participants",
            "(n = 38)",
            "(n = 53)",
            "(n = 23)",
            "(n = 31)"
          ]
        },
        {
          "value": "20.0 (34.3)",
          "rowHeaders": [
            "Day 3"
          ],
          "columnHeaders": [
            "Table 5. POMS-TMD Scores for Participants",
            "Abstinent",
            "Participants",
            "(n = 47)",
            "(n = 31)",
            "(n = 19)",
            "(n = 10)"
          ]
        },
        {
          "value": "43.5 (32.3)",
          "rowHeaders": [
            "Day 3"
          ],
          "columnHeaders": [
            "Table 5. POMS-TMD Scores for Participants",
            "Smoking",
            "Participants",
            "(n = 38)",
            "(n = 53)",
            "(n = 23)",
            "(n = 31)"
          ]
        }
      ],
      "page": 1
    }
  ]
}
