{
  "title": "Improving the rates of quitting smoking for veterans with posttraumatic stress disorder",
  "shortTitle": "McFall (2005)",
  "filename": "McFall 2005.pdf",
  "introduction": "",
  "content": [
    {
      "type": "TEXT",
      "text": "Improving the Rates of Quitting Smoking for Veterans With Posttraumatic Stress Disorder\n\n\n\nPost traumatic stress disorder (PTSD) is one of the most prevalent mental disorders, particularly among Veterans Administration (VA) healthcare enrollees. In the general population, PTSD is associated with high rates of smoking (45% versus the national average of 23%) and a fourfold increased risk for nicotine dependence. The rates of smoking in veterans with PTSD (53%-66%) are approximately double those of VA enrollees in general (30%). Moreover, a greater proportion of smokers with combat-related PTSD smoke heavily (>25 cigarettes per day) compared with veterans who smoke but do not have PTSD (48% versus 28%). PTSD is associated with a smoking quit rate of only 23% (5), about half that of lifetime smokers without a mental disorder (12), and falls third from the bottom in a ranking of quit rates for 13 mental disorders (5). Smokers with PTSD also experience nicotine withdrawal symptoms in response to encounters with trauma-related stimuli (13) and report smoking in order to relieve anxiety and tension. Taken together, this research suggests a dynamic relationship between PTSD and tobacco use that argues fora coordinated approach to the treatment of both disorders.\nSeveral pharmacological and behavioral treatments for nicotine dependence have shown efficacy in controlled clinical trials. However, these treatments are only as useful as the ability of healthcare organizations to deliver them effectively to individuals who need them most. Primary care providers only infrequently apply even brief, cost-effective tobacco-cessation interventions to smokers, despite the fact that 60%-70% of smokers want to quit. Nicotine-dependence treatment in patients with mental disorders maybe particularly neglected since psychiatric patients receive cessation counseling at only 38% of primary care visits and 12% of visits with a psychiatrist (16). Referral of patients to specialty smoking-cessation clinics is a commonly used alternative to primary care-based delivery of tobacco use treatment. However, the effectiveness of these clinics is compromised by poor patient compliance, with rates of attendance as low as 13%-14% and limited capacity to provide repeated intervention fora chronic, relapsing disorder such as nicotine dependence. These limitations create a situation in which only 17% of smokers in the nation's largest healthcare system (the VA) report receiving desired cessation treatment in the previous year (11).\nThe simultaneous treatment of two or more interwoven disorders by a single provider team has shown promising clinical effectiveness for patients with severe mental ill-ness and comorbid substance use disorders). This study accordingly tested an approach for improving the effectiveness of tobacco-cessation service delivery by integrating treatment for smoking into the routine mental healthcare of patients with PTSD. Specifically, this randomized, controlled clinical trial compared the effectiveness of two different methods for delivering guidelinebased smoking-cessation treatment to patients receiving VA mental health care: 1) brief smoking-cessation interventions integrated with ongoing mental healthcare and delivered by mental health providers (integrated care) versus 2) smoking-cessation interventions delivered separately from mental healthcare by smoking-cessation specialists (usual standard of care). It was hypothesized that integrated care would result in higher rates of smoking cessation than would usual standard of care. A secondary objective of this study was to determine if smoking cessation was associated with worsening PTSD or depression symptoms. Anticipating this possibility is important, given the high co-occurrence of depression with PTSD (23) and prior research showing that smoking abstinence can exacerbate depression in individuals with a history of this disorder.\n\n\n\n\nSubjects (N=66) were recruited from the VA Puget Sound Health Care System PTSD clinic, which provides specialized outpatient treatment for chronic PTSD. reports demographic and smoking characteristics for the study group as well as psychometric data showing moderate to severe levels of symptoms on the PTSD Checklist (28) and the Beck Depression Inventory. Subjects in the integrated care and usual standard of care conditions did not differ significantly on baseline characteristics (all p values >0.05).\nSubjects were included if they smoked ≥10 cigarettes per day, expressed a willingness to receive smoking-cessation treatment, and met DSM-IV criteria for PTSD. Exclusion criteria were 1) the use of smokeless tobacco, pipes, or cigars, 2) the presence of unstable axis I disorders, and 3) current substance dependence disorder other than tobacco use. After providing a complete description of the study, written informed consent was obtained. The subjects were then randomly assigned to integrated care (N=33) versus the usual standard of care (N=33) for smoking cessation.\nThe rate of refusal to participate in this study was 3% for helpseeking smokers.\n\n\nAll study subjects received psychotropic medications for PTSD throughout their participation in the study, as prescribed by two PTSD clinic psychiatrists and a nurse practitioner. Each subject also received psychotherapy from an assigned case manager who coordinated their mental healthcare. Case managers included four psychologists, one social worker, an addictions therapist, and a technician.\n\n\nThe subjects randomly assigned to integrated care received smoking-cessation interventions administered by their assigned PTSD clinic prescriber and case manager. Integrated care was modeled after the brief clinical interventions for primary care practitioners published in the U.S. Public Health Service's clinical practice guideline titled Treating Tobacco. PTSD clinic staff received approximately 3 hours of training, plus as-needed consultation in smoking-cessation treatment from the clinic director (M.M.). They then delivered interventions using a treatment manual (available upon request from the first author) that operationalized interventions for each session.\nThe subjects received smoking-cessation protocol medications (bupropion, transdermal nicotine, nicotine polacrilex gum, and nicotine spray) from the psychiatrist or nurse practitioner managing their pharmacological treatment of PTSD. Prescribers in the integrated care and the usual standard of care conditions agreed to adopt the practice of routinely prescribing bupropion, transdermal nicotine, and nicotine gum or spray in order to standardize the medication protocol across conditions. However, the prescribers were allowed to use their discretion to select only some of these medications, depending on patient preferences and medical contraindications.\nThe core behavioral counseling components of integrated care, administered by case managers, consisted of 1) the assessment of tobacco use status, abstinence history, and individualized reasons for quitting; 2) education about the health risks of smoking and the benefits of quitting; 3) advice to quit smoking; 4) application of motivational interventions for ambivalent smokers; 5) setting a date to quit; 6) behavioral counseling to help subjects pre- 1.0 a There were no statistically significant differences between study conditions on baseline characteristics (all p>0.05). b Ratings were made on a 5-point Likert scale ranging from 0=\"not at all\" to 4=\"extremely.\"\n\n\nhttp://ajp.psychiatryonline.org pare to quit smoking, coping with smoking urges and barriers to abstinence, and developing problem-solving skills; 7) self-help reading materials; 8) intrasession support and assistance in identifying extrasession social support; and 9) self-directed behavioral methods for reducing anxiety, consisting of a relaxation training tape and written materials on stress management. The protocol required case managers to administer five individual behavioral counseling sessions on a once-weekly basis, plus one follow-up contact (the sessions averaged 20 minutes each). These interventions were rolled into regularly scheduled visits addressing PTSD and comorbid mental disorders for subjects whose treatment plan ordinarily included individual sessions with a case manager. For subjects receiving only group therapy for PTSD, case managers scheduled separate individual smoking-cessation sessions. After delivering the six core behavioral counseling sessions, clinicians used their discretion to periodically assess smoking status and reinstate cessation treatment for subjects who relapsed.\n\n\nThe subjects randomly assigned to the usual standard of care were referred to the VA Puget Sound Health Care System's Smoking Cessation Clinic. Nursing personnel who staffed this clinic were trained at Mayo Clinic's Nicotine Dependence Treatment Center and had extensive experience in cessation treatment. This clinic delivered U.S. Public Health Service guideline-adherent cessation treatment. Clinic providers used the same algorithm as integrated care providers for prescribing smoking-cessation medications. The subjects attended one group orientation class, followed by individual sessions in which they received medications and behavioral counseling. Unrestricted access to usual standard of care treatment sessions was provided to all subjects. That is, the number of treatment contacts received was determined by clinical recommendations of usual standard of care providers and the preferences and initiative of subjects. The subjects assigned to the usual standard of care condition received absolutely no tobacco-cessation interventions from their PTSD clinic providers.\n\n\nDelivery of study treatments. The Consumer Health Information and Performances Sets, an administrative database accounting for services delivered by the VA, was used to track smokingcessation medications actually received by the subjects. This database provided information about the proportion of subjects who filled prescriptions for study medications as well as doses for these medications. The number of smoking cessation behavioral counseling sessions delivered to the subjects was extracted from the VA's computerized patient record system, where clinicians are required to document all patient visits.\nAdherence of integrated care case managers to the treatment manual was assessed by independent review of the computerized patient record system. These records contained provider documentation of interventions delivered during each visit on specially prepared charting templates that listed a total of 31 specific protocol interventions prescribed by the manual. These interventions constituted the core behavioral counseling components of integrated care (e.g., \"set and recorded a quit date,\" \"identified strategies for coping with withdrawal symptoms\"). After each session, case managers checked off interventions delivered on the charting template and provided a narrative summary of smoking status and treatment progress. The study coordinator (D.Y.) independently reviewed chart notes for all providers and treatment sessions in order to compute clinicians' self-recorded adherence to protocol interventions as a percentage of the total recommended. This review showed that 80% of behavioral counseling interventions prescribed by the treatment manual were reportedly administered.\nSmoking outcomes. Seven-day point prevalence abstinence, verified by expired carbon monoxide (≤10 ppm), was the primary outcome measure used to compare integrated care and the usual standard of care at 2, 4, 6, and 9 months after random assignment. The period after randomization provided a consistent marker across subjects of the initiation of the treatment process. The convention of using an end-of-treatment phase or an initial quit date as a starting point for abstinence measurements was not followed because this study aimed to compare tobacco cessation treatments as they are actually practiced in a clinical setting. Specifically, guideline-adherent treatment fora chronic relapsing condition, such as tobacco use disorder, is a continuous process requiring multiple quit attempts and reapplication of interventions aimed at \"recycling\" patients who relapse. Consistent with expert recommendations, study treatments were not defined by a discrete episode of care marked by a fixed endpoint, number of sessions, or single quit date.\nRepeated 7-day point prevalence abstinence was used as a proxy for prolonged abstinence, consistent with prior research (32-36). Repeated 7-day point prevalence abstinence was based on three consecutive follow-up assessment intervals (4, 6, and 9 months after random assignment). The 2-month assessment was not included in this computation, allowing subjects a stabilization period to recover from lapses after initial intervention (37). Although repeated 7-day point prevalence abstinence is a less conservative measure than prolonged abstinence, the two measures nevertheless correlate highly (r=0.85-0.94).\nMental health quality assurance outcomes. The PTSD Checklist (28) and the Beck Depression Inventory (29) were completed by subjects at baseline and 6-and 9-month follow-ups. The subjects rated symptoms that occurred during the prior week. The PTSD Checklist and the Beck Depression Inventory were used to assess changes in mental health symptoms overtime in order to determine if smoking cessation was associated with worsening symptoms.\nPatient satisfaction outcomes. The subjects in each study condition rated their satisfaction with the amount and quality of smoking-cessation treatment received by using a 4-point Likert scale (1=\"very dissatisfied\" and 4=\"very satisfied\"). The ratings were gathered at the terminal (9-month) study assessment.\n\n\nAbstinence data were analyzed in an intent-to-treat analysis by using marginal logistic regression with the method of generalized estimating equations. This statistical approach to analyzing smoking-cessation outcome data conforms to recommendations by an expert panel from the Society for Research on Nicotine and Tobacco (39). The generalized estimating equation method has several advantages in that it accounts for the correlation of repeated measurement, uses all available data points, and is sensitive to the pattern of changeover time. Covariates in the analysis were baseline measures of severity of nicotine dependence (the Fagerstrom Test for Nicotine Dependence) and depression (the Beck Depression Inventory). Depression was included as a covariate because of evidence showing that it may adversely affect smoking-cessation outcomes (42-44).\nThe effect of smoking cessation on mental health symptoms at 6-and 9-month follow-up assessments was analyzed by computing change from baseline scores for the PTSD Checklist and the Beck Depression Inventory at these assessment intervals. Separate Mann-Whitney U tests were then used to compare these change scores for continuing smokers versus subjects who were abstinent at each assessment interval.\nAll categorical variables (other than abstinence status) were analyzed with chi-square tests. Normally distributed continuous variables were analyzed with Student's t tests. Nonparametric\n\n\n\n\nSmoking-cessation medications. presents the proportion of subjects receiving integrated care and usual standard of care who obtained prescriptions for study medications that were filled by the pharmacy. The subjects randomly assigned to integrated care were significantly more likely than subjects receiving usual standard of care to receive prescriptions for transdermal nicotine and nicotine gum, but the differences between study conditions were not significant for other smoking-cessation medications. Subjects in integrated care also received more types of smoking-cessation medications (i.e., gum, patch, spray, or bupropion) than subjects in usual standard of care (integrated care: mean=2.5, SD=0.7; usual standard of care: mean=1.7, SD=1.0) (z=3.21, p<0.01, two-tailed). Ninetyfour percent of the subjects in integrated care filled prescriptions for two or more types of smoking-cessation medications over the course of the study compared to 64% of the subjects in usual standard of care (χ 2 =7.3, df=1, p<0.01, two-tailed). shows that subjects in both conditions who received smoking-cessation medications were given doses and a course of treatment consistent with U.S. Public Health Service practice guidelines (14).\nBehavioral counseling. All subjects randomly assigned to integrated care participated in at least one behavioral counseling smoking-cessation session, and 88% of the subjects in usual standard of care had at least one treatment contact. Subjects in integrated care received an average of 5.15 (SD=1.2) manual-driven protocol smokingcessation sessions, compared to an average of 2.6 (SD=2.1) sessions for subjects in usual standard of care (z=5.35, p<0.0001, two-tailed). Additional provider-initiated follow-up contacts (mean=3.9, SD=3.9) were delivered to integrated care subjects, involving assessment of smoking status and reapplication of interventions deemed appropriate by the case manager. The number of smoking-cessation sessions received by all subjects was significantly correlated with the number of assessment occasions (four possible) when they were abstinent from smoking (r s = 0.35, p<0.004, two-tailed).\n\n\nSubject compliance with follow-up assessments was 83% across all four assessment intervals (83% at month 2, 81% at month 4, 81% at month 6, and 84% at month 9). Medical records and/or retrospective subject interview data were available to determine smoking status for 96% of the remaining observations. Four percent of the observations were missing and were handled by recording subjects as presumptive smokers. The two study conditions did not differ significantly in the number of missing observations (p>0.05). presents smoking abstinence data for each assessment interval and the results of the generalized estimating equation analysis. At each assessment interval, the odds of not smoking at that interval were over five times greater for the subjects in integrated care than the subjects in usual standard of care (odds ratio=5.23, 95% confidence interval=1.76-15.54, p<0.002, two-tailed). The proportion of subjects who achieved abstinence atone or more assessment intervals was greater for the subjects in integrated care (integrated care=52% versus usual standard of care=25%) (χ 2 =4.82, df=1, p<0.02, two-tailed). The subjects in integrated care were also abstinent at more followup assessment periods (four possible) compared to the subjects in usual standard of care (mean=1.1, SD=1.4, for integrated care versus mean=0.4, SD=0.8, for usual standard of care) (z=2.38, p<0.02, two-tailed). The repeated 7-day point prevalence abstinence rate was 12% for integrated care and 3% for the usual standard of care, a statistically nonsignificant difference (χ 2 =1.66, df=1, p=0.20, two-tailed).\n\n\nFor the group as a whole, scores on the PTSD Checklist and the Beck Depression Inventory gathered at 6 and 9 months did not change significantly from baseline (all p>0.05). Change scores were not significantly different for abstainers versus continued smokers at either assessment interval (all p>0.05).\n\n\nThe subjects in integrated care were significantly more satisfied with the amount of smoking-cessation treatment they received compared to the subjects in usual standard of care (mean=3.9, SD=0.3, for integrated care versus mean=3.5, SD=0.7, for the usual standard of care) (z=3.21, p<0.001, two-tailed). Ratings for the quality of treatment were also significantly higher for the integrated care condition (mean=3.7, SD=0.5, for integrated care versus mean=3.4, SD=0.6, for the usual standard of care) (z=2.08, p<0.04, two-tailed).\n\n\nThis study demonstrated the feasibility of training mental health providers to integrate guideline-based smokingcessation treatment into mental healthcare for veterans with PTSD. PTSD clinic prescribers readily incorporated the delivery of tobacco-cessation medications into their clinical practice. Case managers also documented a high rate of adherence to prescribed behavioral counseling interventions, although the absence of verification through independent ratings of session content limits the validity of this finding. The integrated model of smoking-cessation treatment tested here was more effective for PTSD patients than for care provided by VA smoking-cessation specialists, as measured by point-prevalence abstinence. The difference between study conditions on the repeated 7-day point prevalence abstinence measure (12% for integrated care, 3% for the usual standard of care) was not significant, owing to the limited statistical power of the study. Since completing this randomized trial, PTSD clinic staff have delivered integrated care to 107 additional patients, indicating sustainability of the intervention in routine clinical practice. (For these patients, carbon monoxideverified [≤10 ppm], repeated 7-day point prevalence abstinence quit rates measured at 4, 6, and 9 months after treatment onset were 15%.) Subjects in integrated care participated in a greater number of smoking-cessation counseling sessions than subjects in usual standard of care and were significantly more likely to receive transdermal nicotine and nicotine gum. They were also more likely to receive combination tobacco-cessation pharmacotherapy, which has been shown to improve smoking quit rates overuse of monotherapy. These findings suggest that integrated care was a more effective vehicle than the usual standard of care for delivering cessation treatments of sufficient intensity. Integrated care may have been more successful at engaging subjects in cessation treatment, as indicated by higher satisfaction ratings for integrated care than usual standard of care and encouraging medication compliance. Additionally, the continuous therapeutic relationship afforded by integrated care, as opposed to the episodic care provided by the usual standard of care, may have improved access to ongoing monitoring and provider-initiated relapse management. Other research has shown a \"dose-response\" relationship between the number of smoking-cessation contacts and smoking outcomes, as well as higher quit rates for extended versus brief tobacco use treatments (45). In fact, some treatment trials suggest that cessation maybe related more to the number of counseling sessions received than specific therapeutic methods used for smokers with a positive history of depression. Successful smoking-cessation treatment for veterans with PTSD may similarly require a greater number of contacts over an extended time.\nGuideline-recommended smoking-cessation treatments yielded point prevalence quit rates of 15% to 25% in U.S. Public Health Service meta-analyses of 6,000 studies involving follow-up assessments of at least 5 months (12). Individuals with mental disorders were typically excluded from smoking-cessation clinical trials reviewed by the U.S. Public Health Service, as active psychiatric comorbidities complicate cessation efforts and are associated with significantly reduced quit rates (5, 46-49). The fact that point prevalence quit rates observed in this study fell within the range of those reported in meta-analyses of treatment trials is encouraging, given that our subjects were chronically mentally ill and experienced moderate to severe symptoms of PTSD and depression. Research is clearly needed that improves upon the repeated 7-day point prevalence abstinence quit rate (12%) of the integrated-care condition. Reapplication of integrated care over a longer period in order to promote \"recycling\" is one possible strategy to test. Another is to increase the intensity of initial integrated care interventions in an effort to prevent early relapse to smoking. Application of integrated care on a systemwide basis, even with a prolonged smoking quit rate of 12%, still has a potential for producing 10,000 quitters from within the population of PTSD patients seen at the VA alone (estimates derived from VA databases).\nThere exist remarkably few smoking-cessation clinical trials involving individuals with current mental disorders that provide a standard of comparison for the present study. A number of studies have been conducted with smokers having a history of past major depression. However, these studies do not provide the appropriate standard of comparison for the present study, and the preponderance of evidence from these trials does not substantiate the hypothesis that history-positive smokers are less likely to quit than history-negative smokers (54). Clinical trials involving smokers with current mental disorders who meet the minimum recommended standard for abstinence at follow-up assessments (≥6 months) have focused on schizophrenia and alcohol dependence. (Single point prevalence abstinence rates at the terminal 6-month follow-up assessment for studies of smokers with schizophrenia: 11% [56], 12%, 7%-17%, and 19%; single point prevalence abstinence rates at the terminal 12-month assessment for studies of alcoholdependent patients: 12% and 13%-19%.) Quit rates from these studies of clinical samples are roughly equivalent to, if not slightly lower than, the single-point prevalence quit rates for integrated care reported here. The only study (61) reporting prolonged abstinence (repeated 7-day point prevalence abstinence at follow-up months 1, 3, 6, and 12) found quit rates of 10% and 12% for two active tobacco-cessation treatments involving recovering alcoholics. These results are comparable to the repeated 7-day point prevalence abstinence quit rate of 12% in the present study.\nThe rate of smoking abstinence for integrated care subjects at study termination was less than half that observed at the 2-month assessment. Several possible mechanisms that may contribute to smoking relapse in PTSD patients deserve further exploration. Specifically, pre-and postcessation negative affective states and increased symptoms of depression immediately following a quit attempt (63) increase relapse susceptibility and may have suppressed sustained quit rates in this study. Heightened withdrawal sensitivity has predicted relapse in smokers with a history of depression in some studies and may possibly explain continued smoking in PTSD patients as well.\nStopping smoking in this treatment trial was not associated with worsening symptoms of PTSD or depression measured at 6 and 9 months after treatment onset. Our results are more consistent with studies showing that mood disturbances do not result from stopping smoking (32, 46, 66) than with studies showing that they do among individuals with a history of depression. However, comparing our results with those of others is attenuated because of the marked differences in study groups (i.e., current PTSD versus a history of major depression). Three other possible explanations for this finding also deserve consideration. First, transient symptom exacerbations related to postcessation nicotine withdrawal may have occurred shortly after subjects' cessation attempts but were undetected because outcomes were only measured at four discrete time points in our study. Second, the fact that 86% of the subjects in the present research were receiving antidepressant medications (other than bupropion for smoking cessation) for PTSD may have prevented potential deterioration effects. This possibility is supported by evidence showing that sertraline reduces nicotine withdrawal symptoms (53) and that nortriptyline alleviates postcessation negative affect (35) in smokers with a history of major depression. Third, subjects who experienced worsening psychiatric symptoms upon trying to quit smoking may have simply resumed smoking in order to manage these symptoms. Our data do not support this latter explanation since symptoms of PTSD and depression did not change from baseline to the 6-and 9-month assessment for subjects who continued to smoke compared to those who quit. However, the nonsignificant difference between subjects who quit and those who did not on symptom measures may reflect low statistical power owing to the small number of quitters involved in comparisons at months 6 and 9.\nInterpretation of this study's findings maybe limited by several methodological shortcomings. This investigation did not follow the convention of measuring outcomes from a clearly demarcated quit date or the end of the intervention period because smoking-cessation treatment was conceptualized as a continuous process involving reappli- http://ajp.psychiatryonline.org cation of treatment and multiple quit attempts (31). The comparability of findings with other research that measures outcomes from an initial quit date may therefore be limited. Biomarkers of longer-term nonsmoking status were not used but should ideally have supplemented expired carbon monoxide in order to verify subject self-reports. Continuous abstinence was also not assessed because it is not verifiable with standard biological assays. However, continuous abstinence data based on subject self-report alone would have been informative because subject reports of smoking status are generally valid (68). Proportions of subjects who received prescriptions filled by the pharmacy were reported, but a specific measure of medication adherence was not included. Thus, it is impossible to determine to what degree, if any, medication adherence may have affected outcomes. PTSD patients with a current substance abuse disorder were included in the study, but those with current substance dependence were not. Thus, our findings may not generalize to smokers with PTSD and comorbid substance dependence disorders. Finally, a much larger study group is clearly required in order to conclude definitively that integrated care is more effective than the usual standard of care for smoking cessation in other clinical settings.\nThis service delivery study was conducted in the spirit of a clinical effectiveness trial in order to promote generalization to \"real world\" healthcare settings (69). To this end, treatments were represented as they are likely to be actually practiced, and broad subject inclusion criteria were used to ensure that the study group reflected the population of VA PTSD clinic patients. Despite threats to internal validity inherent in such trials (69), this study provided a favorable test of the feasibility and outcome of APA recommendations (49) to implement smoking-cessation treatment in practice-based settings for patients with current mental disorders. Additional studies of integrated models of smoking-cessation treatment for mentally ill patients are warranted, given the extraordinarily high prevalence of heavy smoking in these individuals (41% to 50%).",
      "page": 1
    },
    {
      "type": "TABLE",
      "cells": [
        {
          "value": "33",
          "rowHeaders": [
            "Age (years)"
          ],
          "columnHeaders": [
            "TABLE 1. Baseline Characteristics of Subjects Receiving Integrated Care Versus the Usual Standard of Care a",
            "Veterans Receiving Integrated Care",
            "N"
          ]
        },
        {
          "value": "52.9",
          "rowHeaders": [
            "Age (years)"
          ],
          "columnHeaders": [
            "TABLE 1. Baseline Characteristics of Subjects Receiving Integrated Care Versus the Usual Standard of Care a",
            "Veterans Receiving Integrated Care",
            "Mean"
          ]
        },
        {
          "value": "11.1",
          "rowHeaders": [
            "Age (years)"
          ],
          "columnHeaders": [
            "TABLE 1. Baseline Characteristics of Subjects Receiving Integrated Care Versus the Usual Standard of Care a",
            "Veterans Receiving Integrated Care",
            "SD"
          ]
        },
        {
          "value": "33",
          "rowHeaders": [
            "Age (years)"
          ],
          "columnHeaders": [
            "TABLE 1. Baseline Characteristics of Subjects Receiving Integrated Care Versus the Usual Standard of Care a",
            "Veterans Receiving Usual Standard of Care",
            "N"
          ]
        },
        {
          "value": "52.3",
          "rowHeaders": [
            "Age (years)"
          ],
          "columnHeaders": [
            "TABLE 1. Baseline Characteristics of Subjects Receiving Integrated Care Versus the Usual Standard of Care a",
            "Veterans Receiving Usual Standard of Care",
            "Mean"
          ]
        },
        {
          "value": "8.1",
          "rowHeaders": [
            "Age (years)"
          ],
          "columnHeaders": [
            "TABLE 1. Baseline Characteristics of Subjects Receiving Integrated Care Versus the Usual Standard of Care a",
            "Veterans Receiving Usual Standard of Care",
            "SD"
          ]
        },
        {
          "value": "29",
          "rowHeaders": [
            "Male sex"
          ],
          "columnHeaders": [
            "TABLE 1. Baseline Characteristics of Subjects Receiving Integrated Care Versus the Usual Standard of Care a",
            "Veterans Receiving Integrated Care",
            "N"
          ]
        },
        {
          "value": "88",
          "rowHeaders": [
            "Male sex"
          ],
          "columnHeaders": [
            "TABLE 1. Baseline Characteristics of Subjects Receiving Integrated Care Versus the Usual Standard of Care a",
            "Veterans Receiving Integrated Care",
            "%"
          ]
        },
        {
          "value": "32",
          "rowHeaders": [
            "Male sex"
          ],
          "columnHeaders": [
            "TABLE 1. Baseline Characteristics of Subjects Receiving Integrated Care Versus the Usual Standard of Care a",
            "Veterans Receiving Usual Standard of Care",
            "N"
          ]
        },
        {
          "value": "97",
          "rowHeaders": [
            "Male sex"
          ],
          "columnHeaders": [
            "TABLE 1. Baseline Characteristics of Subjects Receiving Integrated Care Versus the Usual Standard of Care a",
            "Veterans Receiving Usual Standard of Care",
            "%"
          ]
        },
        {
          "value": "26",
          "rowHeaders": [
            "White race"
          ],
          "columnHeaders": [
            "TABLE 1. Baseline Characteristics of Subjects Receiving Integrated Care Versus the Usual Standard of Care a",
            "Veterans Receiving Integrated Care",
            "N"
          ]
        },
        {
          "value": "79",
          "rowHeaders": [
            "White race"
          ],
          "columnHeaders": [
            "TABLE 1. Baseline Characteristics of Subjects Receiving Integrated Care Versus the Usual Standard of Care a",
            "Veterans Receiving Integrated Care",
            "%"
          ]
        },
        {
          "value": "31",
          "rowHeaders": [
            "White race"
          ],
          "columnHeaders": [
            "TABLE 1. Baseline Characteristics of Subjects Receiving Integrated Care Versus the Usual Standard of Care a",
            "Veterans Receiving Usual Standard of Care",
            "N"
          ]
        },
        {
          "value": "94",
          "rowHeaders": [
            "White race"
          ],
          "columnHeaders": [
            "TABLE 1. Baseline Characteristics of Subjects Receiving Integrated Care Versus the Usual Standard of Care a",
            "Veterans Receiving Usual Standard of Care",
            "%"
          ]
        },
        {
          "value": "18",
          "rowHeaders": [
            "Married"
          ],
          "columnHeaders": [
            "TABLE 1. Baseline Characteristics of Subjects Receiving Integrated Care Versus the Usual Standard of Care a",
            "Veterans Receiving Integrated Care",
            "N"
          ]
        },
        {
          "value": "55",
          "rowHeaders": [
            "Married"
          ],
          "columnHeaders": [
            "TABLE 1. Baseline Characteristics of Subjects Receiving Integrated Care Versus the Usual Standard of Care a",
            "Veterans Receiving Integrated Care",
            "%"
          ]
        },
        {
          "value": "14",
          "rowHeaders": [
            "Married"
          ],
          "columnHeaders": [
            "TABLE 1. Baseline Characteristics of Subjects Receiving Integrated Care Versus the Usual Standard of Care a",
            "Veterans Receiving Usual Standard of Care",
            "N"
          ]
        },
        {
          "value": "44",
          "rowHeaders": [
            "Married"
          ],
          "columnHeaders": [
            "TABLE 1. Baseline Characteristics of Subjects Receiving Integrated Care Versus the Usual Standard of Care a",
            "Veterans Receiving Usual Standard of Care",
            "%"
          ]
        },
        {
          "value": "27",
          "rowHeaders": [
            "Unemployed"
          ],
          "columnHeaders": [
            "TABLE 1. Baseline Characteristics of Subjects Receiving Integrated Care Versus the Usual Standard of Care a",
            "Veterans Receiving Integrated Care",
            "N"
          ]
        },
        {
          "value": "82",
          "rowHeaders": [
            "Unemployed"
          ],
          "columnHeaders": [
            "TABLE 1. Baseline Characteristics of Subjects Receiving Integrated Care Versus the Usual Standard of Care a",
            "Veterans Receiving Integrated Care",
            "%"
          ]
        },
        {
          "value": "27",
          "rowHeaders": [
            "Unemployed"
          ],
          "columnHeaders": [
            "TABLE 1. Baseline Characteristics of Subjects Receiving Integrated Care Versus the Usual Standard of Care a",
            "Veterans Receiving Usual Standard of Care",
            "N"
          ]
        },
        {
          "value": "84",
          "rowHeaders": [
            "Unemployed"
          ],
          "columnHeaders": [
            "TABLE 1. Baseline Characteristics of Subjects Receiving Integrated Care Versus the Usual Standard of Care a",
            "Veterans Receiving Usual Standard of Care",
            "%"
          ]
        },
        {
          "value": "29",
          "rowHeaders": [
            "Receiving Department of Veterans Affairs disability"
          ],
          "columnHeaders": [
            "TABLE 1. Baseline Characteristics of Subjects Receiving Integrated Care Versus the Usual Standard of Care a",
            "Veterans Receiving Integrated Care",
            "N"
          ]
        },
        {
          "value": "88",
          "rowHeaders": [
            "Receiving Department of Veterans Affairs disability"
          ],
          "columnHeaders": [
            "TABLE 1. Baseline Characteristics of Subjects Receiving Integrated Care Versus the Usual Standard of Care a",
            "Veterans Receiving Integrated Care",
            "%"
          ]
        },
        {
          "value": "33",
          "rowHeaders": [
            "Receiving Department of Veterans Affairs disability"
          ],
          "columnHeaders": [
            "TABLE 1. Baseline Characteristics of Subjects Receiving Integrated Care Versus the Usual Standard of Care a",
            "Veterans Receiving Usual Standard of Care",
            "N"
          ]
        },
        {
          "value": "79",
          "rowHeaders": [
            "Receiving Department of Veterans Affairs disability"
          ],
          "columnHeaders": [
            "TABLE 1. Baseline Characteristics of Subjects Receiving Integrated Care Versus the Usual Standard of Care a",
            "Veterans Receiving Usual Standard of Care",
            "%"
          ]
        },
        {
          "value": "33",
          "rowHeaders": [
            "Number of current axis I disorders"
          ],
          "columnHeaders": [
            "TABLE 1. Baseline Characteristics of Subjects Receiving Integrated Care Versus the Usual Standard of Care a",
            "Veterans Receiving Integrated Care",
            "N"
          ]
        },
        {
          "value": "2.0",
          "rowHeaders": [
            "Number of current axis I disorders"
          ],
          "columnHeaders": [
            "TABLE 1. Baseline Characteristics of Subjects Receiving Integrated Care Versus the Usual Standard of Care a",
            "Veterans Receiving Integrated Care",
            "Mean"
          ]
        },
        {
          "value": "0.7",
          "rowHeaders": [
            "Number of current axis I disorders"
          ],
          "columnHeaders": [
            "TABLE 1. Baseline Characteristics of Subjects Receiving Integrated Care Versus the Usual Standard of Care a",
            "Veterans Receiving Integrated Care",
            "SD"
          ]
        },
        {
          "value": "33",
          "rowHeaders": [
            "Number of current axis I disorders"
          ],
          "columnHeaders": [
            "TABLE 1. Baseline Characteristics of Subjects Receiving Integrated Care Versus the Usual Standard of Care a",
            "Veterans Receiving Usual Standard of Care",
            "N"
          ]
        },
        {
          "value": "1.9",
          "rowHeaders": [
            "Number of current axis I disorders"
          ],
          "columnHeaders": [
            "TABLE 1. Baseline Characteristics of Subjects Receiving Integrated Care Versus the Usual Standard of Care a",
            "Veterans Receiving Usual Standard of Care",
            "Mean"
          ]
        },
        {
          "value": "0.6",
          "rowHeaders": [
            "Number of current axis I disorders"
          ],
          "columnHeaders": [
            "TABLE 1. Baseline Characteristics of Subjects Receiving Integrated Care Versus the Usual Standard of Care a",
            "Veterans Receiving Usual Standard of Care",
            "SD"
          ]
        },
        {
          "value": "33",
          "rowHeaders": [
            "PTSD Checklist score"
          ],
          "columnHeaders": [
            "TABLE 1. Baseline Characteristics of Subjects Receiving Integrated Care Versus the Usual Standard of Care a",
            "Veterans Receiving Integrated Care",
            "N"
          ]
        },
        {
          "value": "63.7",
          "rowHeaders": [
            "PTSD Checklist score"
          ],
          "columnHeaders": [
            "TABLE 1. Baseline Characteristics of Subjects Receiving Integrated Care Versus the Usual Standard of Care a",
            "Veterans Receiving Integrated Care",
            "Mean"
          ]
        },
        {
          "value": "13.1",
          "rowHeaders": [
            "PTSD Checklist score"
          ],
          "columnHeaders": [
            "TABLE 1. Baseline Characteristics of Subjects Receiving Integrated Care Versus the Usual Standard of Care a",
            "Veterans Receiving Integrated Care",
            "SD"
          ]
        },
        {
          "value": "33",
          "rowHeaders": [
            "PTSD Checklist score"
          ],
          "columnHeaders": [
            "TABLE 1. Baseline Characteristics of Subjects Receiving Integrated Care Versus the Usual Standard of Care a",
            "Veterans Receiving Usual Standard of Care",
            "N"
          ]
        },
        {
          "value": "63.1",
          "rowHeaders": [
            "PTSD Checklist score"
          ],
          "columnHeaders": [
            "TABLE 1. Baseline Characteristics of Subjects Receiving Integrated Care Versus the Usual Standard of Care a",
            "Veterans Receiving Usual Standard of Care",
            "Mean"
          ]
        },
        {
          "value": "13.0",
          "rowHeaders": [
            "PTSD Checklist score"
          ],
          "columnHeaders": [
            "TABLE 1. Baseline Characteristics of Subjects Receiving Integrated Care Versus the Usual Standard of Care a",
            "Veterans Receiving Usual Standard of Care",
            "SD"
          ]
        },
        {
          "value": "33",
          "rowHeaders": [
            "Beck Depression Inventory score"
          ],
          "columnHeaders": [
            "TABLE 1. Baseline Characteristics of Subjects Receiving Integrated Care Versus the Usual Standard of Care a",
            "Veterans Receiving Integrated Care",
            "N"
          ]
        },
        {
          "value": "29.6",
          "rowHeaders": [
            "Beck Depression Inventory score"
          ],
          "columnHeaders": [
            "TABLE 1. Baseline Characteristics of Subjects Receiving Integrated Care Versus the Usual Standard of Care a",
            "Veterans Receiving Integrated Care",
            "Mean"
          ]
        },
        {
          "value": "9.5",
          "rowHeaders": [
            "Beck Depression Inventory score"
          ],
          "columnHeaders": [
            "TABLE 1. Baseline Characteristics of Subjects Receiving Integrated Care Versus the Usual Standard of Care a",
            "Veterans Receiving Integrated Care",
            "SD"
          ]
        },
        {
          "value": "33",
          "rowHeaders": [
            "Beck Depression Inventory score"
          ],
          "columnHeaders": [
            "TABLE 1. Baseline Characteristics of Subjects Receiving Integrated Care Versus the Usual Standard of Care a",
            "Veterans Receiving Usual Standard of Care",
            "N"
          ]
        },
        {
          "value": "27.4",
          "rowHeaders": [
            "Beck Depression Inventory score"
          ],
          "columnHeaders": [
            "TABLE 1. Baseline Characteristics of Subjects Receiving Integrated Care Versus the Usual Standard of Care a",
            "Veterans Receiving Usual Standard of Care",
            "Mean"
          ]
        },
        {
          "value": "10.7",
          "rowHeaders": [
            "Beck Depression Inventory score"
          ],
          "columnHeaders": [
            "TABLE 1. Baseline Characteristics of Subjects Receiving Integrated Care Versus the Usual Standard of Care a",
            "Veterans Receiving Usual Standard of Care",
            "SD"
          ]
        },
        {
          "value": "33",
          "rowHeaders": [
            "Cigarettes smoked/day"
          ],
          "columnHeaders": [
            "TABLE 1. Baseline Characteristics of Subjects Receiving Integrated Care Versus the Usual Standard of Care a",
            "Veterans Receiving Integrated Care",
            "N"
          ]
        },
        {
          "value": "25.2",
          "rowHeaders": [
            "Cigarettes smoked/day"
          ],
          "columnHeaders": [
            "TABLE 1. Baseline Characteristics of Subjects Receiving Integrated Care Versus the Usual Standard of Care a",
            "Veterans Receiving Integrated Care",
            "Mean"
          ]
        },
        {
          "value": "11.8",
          "rowHeaders": [
            "Cigarettes smoked/day"
          ],
          "columnHeaders": [
            "TABLE 1. Baseline Characteristics of Subjects Receiving Integrated Care Versus the Usual Standard of Care a",
            "Veterans Receiving Integrated Care",
            "SD"
          ]
        },
        {
          "value": "33",
          "rowHeaders": [
            "Cigarettes smoked/day"
          ],
          "columnHeaders": [
            "TABLE 1. Baseline Characteristics of Subjects Receiving Integrated Care Versus the Usual Standard of Care a",
            "Veterans Receiving Usual Standard of Care",
            "N"
          ]
        },
        {
          "value": "29.3",
          "rowHeaders": [
            "Cigarettes smoked/day"
          ],
          "columnHeaders": [
            "TABLE 1. Baseline Characteristics of Subjects Receiving Integrated Care Versus the Usual Standard of Care a",
            "Veterans Receiving Usual Standard of Care",
            "Mean"
          ]
        },
        {
          "value": "15.8",
          "rowHeaders": [
            "Cigarettes smoked/day"
          ],
          "columnHeaders": [
            "TABLE 1. Baseline Characteristics of Subjects Receiving Integrated Care Versus the Usual Standard of Care a",
            "Veterans Receiving Usual Standard of Care",
            "SD"
          ]
        },
        {
          "value": "33",
          "rowHeaders": [
            "Fagerstrom Test for Nicotine Dependence score"
          ],
          "columnHeaders": [
            "TABLE 1. Baseline Characteristics of Subjects Receiving Integrated Care Versus the Usual Standard of Care a",
            "Veterans Receiving Integrated Care",
            "N"
          ]
        },
        {
          "value": "5.9",
          "rowHeaders": [
            "Fagerstrom Test for Nicotine Dependence score"
          ],
          "columnHeaders": [
            "TABLE 1. Baseline Characteristics of Subjects Receiving Integrated Care Versus the Usual Standard of Care a",
            "Veterans Receiving Integrated Care",
            "Mean"
          ]
        },
        {
          "value": "2.1",
          "rowHeaders": [
            "Fagerstrom Test for Nicotine Dependence score"
          ],
          "columnHeaders": [
            "TABLE 1. Baseline Characteristics of Subjects Receiving Integrated Care Versus the Usual Standard of Care a",
            "Veterans Receiving Integrated Care",
            "SD"
          ]
        },
        {
          "value": "32",
          "rowHeaders": [
            "Fagerstrom Test for Nicotine Dependence score"
          ],
          "columnHeaders": [
            "TABLE 1. Baseline Characteristics of Subjects Receiving Integrated Care Versus the Usual Standard of Care a",
            "Veterans Receiving Usual Standard of Care",
            "N"
          ]
        },
        {
          "value": "6.4",
          "rowHeaders": [
            "Fagerstrom Test for Nicotine Dependence score"
          ],
          "columnHeaders": [
            "TABLE 1. Baseline Characteristics of Subjects Receiving Integrated Care Versus the Usual Standard of Care a",
            "Veterans Receiving Usual Standard of Care",
            "Mean"
          ]
        },
        {
          "value": "2.0",
          "rowHeaders": [
            "Fagerstrom Test for Nicotine Dependence score"
          ],
          "columnHeaders": [
            "TABLE 1. Baseline Characteristics of Subjects Receiving Integrated Care Versus the Usual Standard of Care a",
            "Veterans Receiving Usual Standard of Care",
            "SD"
          ]
        },
        {
          "value": "33",
          "rowHeaders": [
            "Expired carbon monoxide (ppm)"
          ],
          "columnHeaders": [
            "TABLE 1. Baseline Characteristics of Subjects Receiving Integrated Care Versus the Usual Standard of Care a",
            "Veterans Receiving Integrated Care",
            "N"
          ]
        },
        {
          "value": "24.5",
          "rowHeaders": [
            "Expired carbon monoxide (ppm)"
          ],
          "columnHeaders": [
            "TABLE 1. Baseline Characteristics of Subjects Receiving Integrated Care Versus the Usual Standard of Care a",
            "Veterans Receiving Integrated Care",
            "Mean"
          ]
        },
        {
          "value": "10.4",
          "rowHeaders": [
            "Expired carbon monoxide (ppm)"
          ],
          "columnHeaders": [
            "TABLE 1. Baseline Characteristics of Subjects Receiving Integrated Care Versus the Usual Standard of Care a",
            "Veterans Receiving Integrated Care",
            "SD"
          ]
        },
        {
          "value": "33",
          "rowHeaders": [
            "Expired carbon monoxide (ppm)"
          ],
          "columnHeaders": [
            "TABLE 1. Baseline Characteristics of Subjects Receiving Integrated Care Versus the Usual Standard of Care a",
            "Veterans Receiving Usual Standard of Care",
            "N"
          ]
        },
        {
          "value": "27.6",
          "rowHeaders": [
            "Expired carbon monoxide (ppm)"
          ],
          "columnHeaders": [
            "TABLE 1. Baseline Characteristics of Subjects Receiving Integrated Care Versus the Usual Standard of Care a",
            "Veterans Receiving Usual Standard of Care",
            "Mean"
          ]
        },
        {
          "value": "13.7",
          "rowHeaders": [
            "Expired carbon monoxide (ppm)"
          ],
          "columnHeaders": [
            "TABLE 1. Baseline Characteristics of Subjects Receiving Integrated Care Versus the Usual Standard of Care a",
            "Veterans Receiving Usual Standard of Care",
            "SD"
          ]
        },
        {
          "value": "33",
          "rowHeaders": [
            "Years spent smoking"
          ],
          "columnHeaders": [
            "TABLE 1. Baseline Characteristics of Subjects Receiving Integrated Care Versus the Usual Standard of Care a",
            "Veterans Receiving Integrated Care",
            "N"
          ]
        },
        {
          "value": "33.4",
          "rowHeaders": [
            "Years spent smoking"
          ],
          "columnHeaders": [
            "TABLE 1. Baseline Characteristics of Subjects Receiving Integrated Care Versus the Usual Standard of Care a",
            "Veterans Receiving Integrated Care",
            "Mean"
          ]
        },
        {
          "value": "13.4",
          "rowHeaders": [
            "Years spent smoking"
          ],
          "columnHeaders": [
            "TABLE 1. Baseline Characteristics of Subjects Receiving Integrated Care Versus the Usual Standard of Care a",
            "Veterans Receiving Integrated Care",
            "SD"
          ]
        },
        {
          "value": "29",
          "rowHeaders": [
            "Years spent smoking"
          ],
          "columnHeaders": [
            "TABLE 1. Baseline Characteristics of Subjects Receiving Integrated Care Versus the Usual Standard of Care a",
            "Veterans Receiving Usual Standard of Care",
            "N"
          ]
        },
        {
          "value": "29.3",
          "rowHeaders": [
            "Years spent smoking"
          ],
          "columnHeaders": [
            "TABLE 1. Baseline Characteristics of Subjects Receiving Integrated Care Versus the Usual Standard of Care a",
            "Veterans Receiving Usual Standard of Care",
            "Mean"
          ]
        },
        {
          "value": "9.5",
          "rowHeaders": [
            "Years spent smoking"
          ],
          "columnHeaders": [
            "TABLE 1. Baseline Characteristics of Subjects Receiving Integrated Care Versus the Usual Standard of Care a",
            "Veterans Receiving Usual Standard of Care",
            "SD"
          ]
        },
        {
          "value": "14",
          "rowHeaders": [
            "Living with other smokers"
          ],
          "columnHeaders": [
            "TABLE 1. Baseline Characteristics of Subjects Receiving Integrated Care Versus the Usual Standard of Care a",
            "Veterans Receiving Integrated Care",
            "N"
          ]
        },
        {
          "value": "42",
          "rowHeaders": [
            "Living with other smokers"
          ],
          "columnHeaders": [
            "TABLE 1. Baseline Characteristics of Subjects Receiving Integrated Care Versus the Usual Standard of Care a",
            "Veterans Receiving Integrated Care",
            "%"
          ]
        },
        {
          "value": "12",
          "rowHeaders": [
            "Living with other smokers"
          ],
          "columnHeaders": [
            "TABLE 1. Baseline Characteristics of Subjects Receiving Integrated Care Versus the Usual Standard of Care a",
            "Veterans Receiving Usual Standard of Care",
            "N"
          ]
        },
        {
          "value": "41",
          "rowHeaders": [
            "Living with other smokers"
          ],
          "columnHeaders": [
            "TABLE 1. Baseline Characteristics of Subjects Receiving Integrated Care Versus the Usual Standard of Care a",
            "Veterans Receiving Usual Standard of Care",
            "%"
          ]
        },
        {
          "value": "33",
          "rowHeaders": [
            "Confidence in quitting",
            "b"
          ],
          "columnHeaders": [
            "TABLE 1. Baseline Characteristics of Subjects Receiving Integrated Care Versus the Usual Standard of Care a",
            "Veterans Receiving Integrated Care",
            "N"
          ]
        },
        {
          "value": "2.3",
          "rowHeaders": [
            "Confidence in quitting",
            "b"
          ],
          "columnHeaders": [
            "TABLE 1. Baseline Characteristics of Subjects Receiving Integrated Care Versus the Usual Standard of Care a",
            "Veterans Receiving Integrated Care",
            "Mean"
          ]
        },
        {
          "value": "1.1",
          "rowHeaders": [
            "Confidence in quitting",
            "b"
          ],
          "columnHeaders": [
            "TABLE 1. Baseline Characteristics of Subjects Receiving Integrated Care Versus the Usual Standard of Care a",
            "Veterans Receiving Integrated Care",
            "SD"
          ]
        },
        {
          "value": "29",
          "rowHeaders": [
            "Confidence in quitting",
            "b"
          ],
          "columnHeaders": [
            "TABLE 1. Baseline Characteristics of Subjects Receiving Integrated Care Versus the Usual Standard of Care a",
            "Veterans Receiving Usual Standard of Care",
            "N"
          ]
        },
        {
          "value": "2.7",
          "rowHeaders": [
            "Confidence in quitting",
            "b"
          ],
          "columnHeaders": [
            "TABLE 1. Baseline Characteristics of Subjects Receiving Integrated Care Versus the Usual Standard of Care a",
            "Veterans Receiving Usual Standard of Care",
            "Mean"
          ]
        }
      ],
      "page": 1
    },
    {
      "type": "TABLE",
      "cells": [
        {
          "value": "60.6",
          "rowHeaders": [
            "Bupropion",
            "20"
          ],
          "columnHeaders": [
            "TABLE 2. Proportion of Subjects Receiving Smoking-Cessation",
            "Veterans",
            "Receiving",
            "Integrated",
            "Care",
            "%"
          ]
        },
        {
          "value": "48.5",
          "rowHeaders": [
            "Bupropion",
            "20",
            "16"
          ],
          "columnHeaders": [
            "TABLE 2. Proportion of Subjects Receiving Smoking-Cessation",
            "Receiving",
            "Usual",
            "Standard",
            "of Care",
            "%"
          ]
        },
        {
          "value": "0.55",
          "rowHeaders": [
            "Bupropion",
            "20",
            "16"
          ],
          "columnHeaders": [
            "TABLE 2. Proportion of Subjects Receiving Smoking-Cessation",
            "Receiving",
            "Usual",
            "Standard",
            "Analysis",
            "χ2 (df=1)"
          ]
        },
        {
          "value": "0.46",
          "rowHeaders": [
            "Bupropion",
            "20",
            "16"
          ],
          "columnHeaders": [
            "TABLE 2. Proportion of Subjects Receiving Smoking-Cessation",
            "Receiving",
            "Usual",
            "Standard",
            "Analysis",
            "p"
          ]
        },
        {
          "value": "93.9",
          "rowHeaders": [
            "Transdermal nicotine",
            "31"
          ],
          "columnHeaders": [
            "TABLE 2. Proportion of Subjects Receiving Smoking-Cessation",
            "Veterans",
            "Receiving",
            "Integrated",
            "Care",
            "%"
          ]
        },
        {
          "value": "66.7",
          "rowHeaders": [
            "Transdermal nicotine",
            "31",
            "22"
          ],
          "columnHeaders": [
            "TABLE 2. Proportion of Subjects Receiving Smoking-Cessation",
            "Receiving",
            "Usual",
            "Standard",
            "of Care",
            "%"
          ]
        },
        {
          "value": "6.13",
          "rowHeaders": [
            "Transdermal nicotine",
            "31",
            "22"
          ],
          "columnHeaders": [
            "TABLE 2. Proportion of Subjects Receiving Smoking-Cessation",
            "Receiving",
            "Usual",
            "Standard",
            "Analysis",
            "χ2 (df=1)"
          ]
        },
        {
          "value": "<0.02",
          "rowHeaders": [
            "Transdermal nicotine",
            "31",
            "22"
          ],
          "columnHeaders": [
            "TABLE 2. Proportion of Subjects Receiving Smoking-Cessation",
            "Receiving",
            "Usual",
            "Standard",
            "Analysis",
            "p"
          ]
        },
        {
          "value": "87.9",
          "rowHeaders": [
            "Nicotine gum",
            "29"
          ],
          "columnHeaders": [
            "TABLE 2. Proportion of Subjects Receiving Smoking-Cessation",
            "Veterans",
            "Receiving",
            "Integrated",
            "Care",
            "%"
          ]
        },
        {
          "value": "42.4",
          "rowHeaders": [
            "Nicotine gum",
            "29",
            "14"
          ],
          "columnHeaders": [
            "TABLE 2. Proportion of Subjects Receiving Smoking-Cessation",
            "Receiving",
            "Usual",
            "Standard",
            "of Care",
            "%"
          ]
        },
        {
          "value": "13.08",
          "rowHeaders": [
            "Nicotine gum",
            "29",
            "14"
          ],
          "columnHeaders": [
            "TABLE 2. Proportion of Subjects Receiving Smoking-Cessation",
            "Receiving",
            "Usual",
            "Standard",
            "Analysis",
            "χ2 (df=1)"
          ]
        },
        {
          "value": "0.001",
          "rowHeaders": [
            "Nicotine gum",
            "29",
            "14"
          ],
          "columnHeaders": [
            "TABLE 2. Proportion of Subjects Receiving Smoking-Cessation",
            "Receiving",
            "Usual",
            "Standard",
            "Analysis",
            "p"
          ]
        },
        {
          "value": "3.0",
          "rowHeaders": [
            "Nicotine spray",
            "1"
          ],
          "columnHeaders": [
            "TABLE 2. Proportion of Subjects Receiving Smoking-Cessation",
            "Veterans",
            "Receiving",
            "Integrated",
            "Care",
            "%"
          ]
        },
        {
          "value": "9.1",
          "rowHeaders": [
            "Nicotine spray",
            "1",
            "3"
          ],
          "columnHeaders": [
            "TABLE 2. Proportion of Subjects Receiving Smoking-Cessation",
            "Receiving",
            "Usual",
            "Standard",
            "of Care",
            "%"
          ]
        },
        {
          "value": "0.27",
          "rowHeaders": [
            "Nicotine spray",
            "1",
            "3"
          ],
          "columnHeaders": [
            "TABLE 2. Proportion of Subjects Receiving Smoking-Cessation",
            "Receiving",
            "Usual",
            "Standard",
            "Analysis",
            "χ2 (df=1)"
          ]
        },
        {
          "value": "0.61",
          "rowHeaders": [
            "Nicotine spray",
            "1",
            "3"
          ],
          "columnHeaders": [
            "TABLE 2. Proportion of Subjects Receiving Smoking-Cessation",
            "Receiving",
            "Usual",
            "Standard",
            "Analysis",
            "p"
          ]
        }
      ],
      "page": 1
    },
    {
      "type": "TABLE",
      "cells": [
        {
          "value": "281.3",
          "rowHeaders": [
            "Dose (mg/day)",
            "Number of bottles received",
            "20"
          ],
          "columnHeaders": [
            "TABLE 3. Quantity of Smoking-Cessation Medications Received by Subjects a",
            "Veterans Receiving",
            "Integrated Care",
            "Mean"
          ]
        },
        {
          "value": "46.4",
          "rowHeaders": [
            "Dose (mg/day)",
            "Number of bottles received",
            "20"
          ],
          "columnHeaders": [
            "TABLE 3. Quantity of Smoking-Cessation Medications Received by Subjects a",
            "Veterans Receiving",
            "Integrated Care",
            "SD"
          ]
        },
        {
          "value": "285.2",
          "rowHeaders": [
            "Dose (mg/day)",
            "Number of bottles received",
            "20",
            "16"
          ],
          "columnHeaders": [
            "TABLE 3. Quantity of Smoking-Cessation Medications Received by Subjects a",
            "Veterans Receiving",
            "Usual Standard of Care",
            "Mean"
          ]
        },
        {
          "value": "33.9",
          "rowHeaders": [
            "Dose (mg/day)",
            "Number of prescriptions filled",
            "20",
            "16"
          ],
          "columnHeaders": [
            "TABLE 3. Quantity of Smoking-Cessation Medications Received by Subjects a",
            "Veterans Receiving",
            "Usual Standard of Care",
            "SD"
          ]
        },
        {
          "value": "-0.29",
          "rowHeaders": [
            "Dose (mg/day)",
            "Number of prescriptions filled",
            "20",
            "16"
          ],
          "columnHeaders": [
            "TABLE 3. Quantity of Smoking-Cessation Medications Received by Subjects a",
            "Veterans Receiving",
            "Analysis",
            "t"
          ]
        },
        {
          "value": "33.78",
          "rowHeaders": [
            "Dose (mg/day)",
            "Number of prescriptions filled",
            "20",
            "16"
          ],
          "columnHeaders": [
            "TABLE 3. Quantity of Smoking-Cessation Medications Received by Subjects a",
            "Veterans Receiving",
            "Analysis",
            "df"
          ]
        },
        {
          "value": "0.77",
          "rowHeaders": [
            "Dose (mg/day)",
            "Number of prescriptions filled",
            "20",
            "16"
          ],
          "columnHeaders": [
            "TABLE 3. Quantity of Smoking-Cessation Medications Received by Subjects a",
            "Veterans Receiving",
            "Analysis",
            "p (two-tailed)"
          ]
        },
        {
          "value": "141.8",
          "rowHeaders": [
            "Days' supply",
            "Number of bottles received",
            "20"
          ],
          "columnHeaders": [
            "TABLE 3. Quantity of Smoking-Cessation Medications Received by Subjects a",
            "Veterans Receiving",
            "Integrated Care",
            "Mean"
          ]
        },
        {
          "value": "114.5",
          "rowHeaders": [
            "Days' supply",
            "Number of bottles received",
            "20"
          ],
          "columnHeaders": [
            "TABLE 3. Quantity of Smoking-Cessation Medications Received by Subjects a",
            "Veterans Receiving",
            "Integrated Care",
            "SD"
          ]
        },
        {
          "value": "97.1",
          "rowHeaders": [
            "Days' supply",
            "Number of bottles received",
            "20",
            "16"
          ],
          "columnHeaders": [
            "TABLE 3. Quantity of Smoking-Cessation Medications Received by Subjects a",
            "Veterans Receiving",
            "Usual Standard of Care",
            "Mean"
          ]
        },
        {
          "value": "93.2",
          "rowHeaders": [
            "Days' supply",
            "Number of prescriptions filled",
            "20",
            "16"
          ],
          "columnHeaders": [
            "TABLE 3. Quantity of Smoking-Cessation Medications Received by Subjects a",
            "Veterans Receiving",
            "Usual Standard of Care",
            "SD"
          ]
        },
        {
          "value": "1.29",
          "rowHeaders": [
            "Days' supply",
            "Number of prescriptions filled",
            "20",
            "16"
          ],
          "columnHeaders": [
            "TABLE 3. Quantity of Smoking-Cessation Medications Received by Subjects a",
            "Veterans Receiving",
            "Analysis",
            "t"
          ]
        },
        {
          "value": "33.98",
          "rowHeaders": [
            "Days' supply",
            "Number of prescriptions filled",
            "20",
            "16"
          ],
          "columnHeaders": [
            "TABLE 3. Quantity of Smoking-Cessation Medications Received by Subjects a",
            "Veterans Receiving",
            "Analysis",
            "df"
          ]
        },
        {
          "value": "0.21",
          "rowHeaders": [
            "Days' supply",
            "Number of prescriptions filled",
            "20",
            "16"
          ],
          "columnHeaders": [
            "TABLE 3. Quantity of Smoking-Cessation Medications Received by Subjects a",
            "Veterans Receiving",
            "Analysis",
            "p (two-tailed)"
          ]
        },
        {
          "value": "3.8",
          "rowHeaders": [
            "Number of prescriptions filled",
            "Number of bottles received",
            "20"
          ],
          "columnHeaders": [
            "TABLE 3. Quantity of Smoking-Cessation Medications Received by Subjects a",
            "Veterans Receiving",
            "Integrated Care",
            "Mean"
          ]
        },
        {
          "value": "2.8",
          "rowHeaders": [
            "Number of prescriptions filled",
            "Number of bottles received",
            "20"
          ],
          "columnHeaders": [
            "TABLE 3. Quantity of Smoking-Cessation Medications Received by Subjects a",
            "Veterans Receiving",
            "Integrated Care",
            "SD"
          ]
        },
        {
          "value": "2.9",
          "rowHeaders": [
            "Number of prescriptions filled",
            "Number of prescriptions filled",
            "20",
            "16"
          ],
          "columnHeaders": [
            "TABLE 3. Quantity of Smoking-Cessation Medications Received by Subjects a",
            "Veterans Receiving",
            "Usual Standard of Care",
            "Mean"
          ]
        },
        {
          "value": "2.3",
          "rowHeaders": [
            "Number of prescriptions filled",
            "Number of prescriptions filled",
            "20",
            "16"
          ],
          "columnHeaders": [
            "TABLE 3. Quantity of Smoking-Cessation Medications Received by Subjects a",
            "Veterans Receiving",
            "Usual Standard of Care",
            "SD"
          ]
        },
        {
          "value": "1.10",
          "rowHeaders": [
            "Number of prescriptions filled",
            "Number of prescriptions filled",
            "20",
            "16"
          ],
          "columnHeaders": [
            "TABLE 3. Quantity of Smoking-Cessation Medications Received by Subjects a",
            "Veterans Receiving",
            "Analysis",
            "t"
          ]
        },
        {
          "value": "34.00",
          "rowHeaders": [
            "Number of prescriptions filled",
            "Number of prescriptions filled",
            "20",
            "16"
          ],
          "columnHeaders": [
            "TABLE 3. Quantity of Smoking-Cessation Medications Received by Subjects a",
            "Veterans Receiving",
            "Analysis",
            "df"
          ]
        },
        {
          "value": "0.28",
          "rowHeaders": [
            "Number of prescriptions filled",
            "Number of prescriptions filled",
            "20",
            "16"
          ],
          "columnHeaders": [
            "TABLE 3. Quantity of Smoking-Cessation Medications Received by Subjects a",
            "Veterans Receiving",
            "Analysis",
            "p (two-tailed)"
          ]
        },
        {
          "value": "23.7",
          "rowHeaders": [
            "Dose (mg/day)",
            "Number of bottles received",
            "31"
          ],
          "columnHeaders": [
            "TABLE 3. Quantity of Smoking-Cessation Medications Received by Subjects a",
            "Veterans Receiving",
            "Integrated Care",
            "Mean"
          ]
        },
        {
          "value": "5.4",
          "rowHeaders": [
            "Dose (mg/day)",
            "Number of bottles received",
            "31"
          ],
          "columnHeaders": [
            "TABLE 3. Quantity of Smoking-Cessation Medications Received by Subjects a",
            "Veterans Receiving",
            "Integrated Care",
            "SD"
          ]
        },
        {
          "value": "24.0",
          "rowHeaders": [
            "Dose (mg/day)",
            "Number of prescriptions filled",
            "31",
            "22"
          ],
          "columnHeaders": [
            "TABLE 3. Quantity of Smoking-Cessation Medications Received by Subjects a",
            "Veterans Receiving",
            "Usual Standard of Care",
            "Mean"
          ]
        },
        {
          "value": "7.7",
          "rowHeaders": [
            "Dose (mg/day)",
            "Number of prescriptions filled",
            "31",
            "22"
          ],
          "columnHeaders": [
            "TABLE 3. Quantity of Smoking-Cessation Medications Received by Subjects a",
            "Veterans Receiving",
            "Usual Standard of Care",
            "SD"
          ]
        },
        {
          "value": "-0.12",
          "rowHeaders": [
            "Dose (mg/day)",
            "Number of prescriptions filled",
            "31",
            "22"
          ],
          "columnHeaders": [
            "TABLE 3. Quantity of Smoking-Cessation Medications Received by Subjects a",
            "Veterans Receiving",
            "Analysis",
            "t"
          ]
        },
        {
          "value": "35.35",
          "rowHeaders": [
            "Dose (mg/day)",
            "Number of prescriptions filled",
            "31",
            "22"
          ],
          "columnHeaders": [
            "TABLE 3. Quantity of Smoking-Cessation Medications Received by Subjects a",
            "Veterans Receiving",
            "Analysis",
            "df"
          ]
        },
        {
          "value": "0.91",
          "rowHeaders": [
            "Dose (mg/day)",
            "Number of prescriptions filled",
            "31",
            "22"
          ],
          "columnHeaders": [
            "TABLE 3. Quantity of Smoking-Cessation Medications Received by Subjects a",
            "Veterans Receiving",
            "Analysis",
            "p (two-tailed)"
          ]
        },
        {
          "value": "103.0",
          "rowHeaders": [
            "Days' supply",
            "Number of bottles received",
            "31"
          ],
          "columnHeaders": [
            "TABLE 3. Quantity of Smoking-Cessation Medications Received by Subjects a",
            "Veterans Receiving",
            "Integrated Care",
            "Mean"
          ]
        },
        {
          "value": "119.1",
          "rowHeaders": [
            "Days' supply",
            "Number of bottles received",
            "31"
          ],
          "columnHeaders": [
            "TABLE 3. Quantity of Smoking-Cessation Medications Received by Subjects a",
            "Veterans Receiving",
            "Integrated Care",
            "SD"
          ]
        },
        {
          "value": "79.6",
          "rowHeaders": [
            "Days' supply",
            "Number of prescriptions filled",
            "31",
            "22"
          ],
          "columnHeaders": [
            "TABLE 3. Quantity of Smoking-Cessation Medications Received by Subjects a",
            "Veterans Receiving",
            "Usual Standard of Care",
            "Mean"
          ]
        },
        {
          "value": "58.2",
          "rowHeaders": [
            "Days' supply",
            "Number of prescriptions filled",
            "31",
            "22"
          ],
          "columnHeaders": [
            "TABLE 3. Quantity of Smoking-Cessation Medications Received by Subjects a",
            "Veterans Receiving",
            "Usual Standard of Care",
            "SD"
          ]
        },
        {
          "value": "0.95",
          "rowHeaders": [
            "Days' supply",
            "Number of prescriptions filled",
            "31",
            "22"
          ],
          "columnHeaders": [
            "TABLE 3. Quantity of Smoking-Cessation Medications Received by Subjects a",
            "Veterans Receiving",
            "Analysis",
            "t"
          ]
        },
        {
          "value": "46.13",
          "rowHeaders": [
            "Days' supply",
            "Number of prescriptions filled",
            "31",
            "22"
          ],
          "columnHeaders": [
            "TABLE 3. Quantity of Smoking-Cessation Medications Received by Subjects a",
            "Veterans Receiving",
            "Analysis",
            "df"
          ]
        },
        {
          "value": "0.35",
          "rowHeaders": [
            "Days' supply",
            "Number of prescriptions filled",
            "31",
            "22"
          ],
          "columnHeaders": [
            "TABLE 3. Quantity of Smoking-Cessation Medications Received by Subjects a",
            "Veterans Receiving",
            "Analysis",
            "p (two-tailed)"
          ]
        },
        {
          "value": "4.6",
          "rowHeaders": [
            "Number of prescriptions filled",
            "Number of bottles received",
            "31"
          ],
          "columnHeaders": [
            "TABLE 3. Quantity of Smoking-Cessation Medications Received by Subjects a",
            "Veterans Receiving",
            "Integrated Care",
            "Mean"
          ]
        },
        {
          "value": "4.8",
          "rowHeaders": [
            "Number of prescriptions filled",
            "Number of prescriptions filled",
            "31"
          ],
          "columnHeaders": [
            "TABLE 3. Quantity of Smoking-Cessation Medications Received by Subjects a",
            "Veterans Receiving",
            "Integrated Care",
            "SD"
          ]
        },
        {
          "value": "3.2",
          "rowHeaders": [
            "Number of prescriptions filled",
            "Number of prescriptions filled",
            "31",
            "22"
          ],
          "columnHeaders": [
            "TABLE 3. Quantity of Smoking-Cessation Medications Received by Subjects a",
            "Veterans Receiving",
            "Usual Standard of Care",
            "Mean"
          ]
        },
        {
          "value": "2.4",
          "rowHeaders": [
            "Number of prescriptions filled",
            "Number of prescriptions filled",
            "31",
            "22"
          ],
          "columnHeaders": [
            "TABLE 3. Quantity of Smoking-Cessation Medications Received by Subjects a",
            "Veterans Receiving",
            "Usual Standard of Care",
            "SD"
          ]
        },
        {
          "value": "1.43",
          "rowHeaders": [
            "Number of prescriptions filled",
            "Number of prescriptions filled",
            "31",
            "22"
          ],
          "columnHeaders": [
            "TABLE 3. Quantity of Smoking-Cessation Medications Received by Subjects a",
            "Veterans Receiving",
            "Analysis",
            "t"
          ]
        },
        {
          "value": "46.16",
          "rowHeaders": [
            "Number of prescriptions filled",
            "Number of prescriptions filled",
            "31",
            "22"
          ],
          "columnHeaders": [
            "TABLE 3. Quantity of Smoking-Cessation Medications Received by Subjects a",
            "Veterans Receiving",
            "Analysis",
            "df"
          ]
        },
        {
          "value": "0.16",
          "rowHeaders": [
            "Number of prescriptions filled",
            "Number of prescriptions filled",
            "31",
            "22"
          ],
          "columnHeaders": [
            "TABLE 3. Quantity of Smoking-Cessation Medications Received by Subjects a",
            "Veterans Receiving",
            "Analysis",
            "p (two-tailed)"
          ]
        },
        {
          "value": "7.6",
          "rowHeaders": [
            "Dose (mg/day)",
            "Number of prescriptions filled",
            "29"
          ],
          "columnHeaders": [
            "TABLE 3. Quantity of Smoking-Cessation Medications Received by Subjects a",
            "Veterans Receiving",
            "Integrated Care",
            "Mean"
          ]
        },
        {
          "value": "2.8",
          "rowHeaders": [
            "Dose (mg/day)",
            "Number of prescriptions filled",
            "29"
          ],
          "columnHeaders": [
            "TABLE 3. Quantity of Smoking-Cessation Medications Received by Subjects a",
            "Veterans Receiving",
            "Integrated Care",
            "SD"
          ]
        },
        {
          "value": "6.2",
          "rowHeaders": [
            "Dose (mg/day)",
            "Number of prescriptions filled",
            "29",
            "14"
          ],
          "columnHeaders": [
            "TABLE 3. Quantity of Smoking-Cessation Medications Received by Subjects a",
            "Veterans Receiving",
            "Usual Standard of Care",
            "Mean"
          ]
        },
        {
          "value": "3.2",
          "rowHeaders": [
            "Dose (mg/day)",
            "Number of prescriptions filled",
            "29",
            "14"
          ],
          "columnHeaders": [
            "TABLE 3. Quantity of Smoking-Cessation Medications Received by Subjects a",
            "Veterans Receiving",
            "Usual Standard of Care",
            "SD"
          ]
        },
        {
          "value": "1.42",
          "rowHeaders": [
            "Dose (mg/day)",
            "Number of prescriptions filled",
            "29",
            "14"
          ],
          "columnHeaders": [
            "TABLE 3. Quantity of Smoking-Cessation Medications Received by Subjects a",
            "Veterans Receiving",
            "Analysis",
            "t"
          ]
        },
        {
          "value": "22.70",
          "rowHeaders": [
            "Dose (mg/day)",
            "Number of prescriptions filled",
            "29",
            "14"
          ],
          "columnHeaders": [
            "TABLE 3. Quantity of Smoking-Cessation Medications Received by Subjects a",
            "Veterans Receiving",
            "Analysis",
            "df"
          ]
        },
        {
          "value": "0.17",
          "rowHeaders": [
            "Dose (mg/day)",
            "Number of prescriptions filled",
            "29",
            "14"
          ],
          "columnHeaders": [
            "TABLE 3. Quantity of Smoking-Cessation Medications Received by Subjects a",
            "Veterans Receiving",
            "Analysis",
            "p (two-tailed)"
          ]
        },
        {
          "value": "79.9",
          "rowHeaders": [
            "Days' supply",
            "Number of prescriptions filled",
            "29"
          ],
          "columnHeaders": [
            "TABLE 3. Quantity of Smoking-Cessation Medications Received by Subjects a",
            "Veterans Receiving",
            "Integrated Care",
            "Mean"
          ]
        },
        {
          "value": "69.5",
          "rowHeaders": [
            "Days' supply",
            "Number of prescriptions filled",
            "29"
          ],
          "columnHeaders": [
            "TABLE 3. Quantity of Smoking-Cessation Medications Received by Subjects a",
            "Veterans Receiving",
            "Integrated Care",
            "SD"
          ]
        },
        {
          "value": "66.1",
          "rowHeaders": [
            "Days' supply",
            "Number of prescriptions filled",
            "29",
            "14"
          ],
          "columnHeaders": [
            "TABLE 3. Quantity of Smoking-Cessation Medications Received by Subjects a",
            "Veterans Receiving",
            "Usual Standard of Care",
            "Mean"
          ]
        },
        {
          "value": "66.3",
          "rowHeaders": [
            "Days' supply",
            "Number of prescriptions filled",
            "29",
            "14"
          ],
          "columnHeaders": [
            "TABLE 3. Quantity of Smoking-Cessation Medications Received by Subjects a",
            "Veterans Receiving",
            "Usual Standard of Care",
            "SD"
          ]
        },
        {
          "value": "0.63",
          "rowHeaders": [
            "Days' supply",
            "Number of prescriptions filled",
            "29",
            "14"
          ],
          "columnHeaders": [
            "TABLE 3. Quantity of Smoking-Cessation Medications Received by Subjects a",
            "Veterans Receiving",
            "Analysis",
            "t"
          ]
        },
        {
          "value": "26.92",
          "rowHeaders": [
            "Days' supply",
            "Number of prescriptions filled",
            "29",
            "14"
          ],
          "columnHeaders": [
            "TABLE 3. Quantity of Smoking-Cessation Medications Received by Subjects a",
            "Veterans Receiving",
            "Analysis",
            "df"
          ]
        },
        {
          "value": "0.54",
          "rowHeaders": [
            "Days' supply",
            "Number of prescriptions filled",
            "29",
            "14"
          ],
          "columnHeaders": [
            "TABLE 3. Quantity of Smoking-Cessation Medications Received by Subjects a",
            "Veterans Receiving",
            "Analysis",
            "p (two-tailed)"
          ]
        },
        {
          "value": "2.8",
          "rowHeaders": [
            "Number of prescriptions filled",
            "Number of prescriptions filled",
            "29"
          ],
          "columnHeaders": [
            "TABLE 3. Quantity of Smoking-Cessation Medications Received by Subjects a",
            "Veterans Receiving",
            "Integrated Care",
            "Mean"
          ]
        },
        {
          "value": "2.4",
          "rowHeaders": [
            "Number of prescriptions filled",
            "Number of prescriptions filled",
            "29"
          ],
          "columnHeaders": [
            "TABLE 3. Quantity of Smoking-Cessation Medications Received by Subjects a",
            "Veterans Receiving",
            "Integrated Care",
            "SD"
          ]
        },
        {
          "value": "2.6",
          "rowHeaders": [
            "Number of prescriptions filled",
            "Number of prescriptions filled",
            "29",
            "14"
          ],
          "columnHeaders": [
            "TABLE 3. Quantity of Smoking-Cessation Medications Received by Subjects a",
            "Veterans Receiving",
            "Usual Standard of Care",
            "Mean"
          ]
        },
        {
          "value": "2.7",
          "rowHeaders": [
            "Number of prescriptions filled",
            "Number of prescriptions filled",
            "29",
            "14"
          ],
          "columnHeaders": [
            "TABLE 3. Quantity of Smoking-Cessation Medications Received by Subjects a",
            "Veterans Receiving",
            "Usual Standard of Care",
            "SD"
          ]
        },
        {
          "value": "0.26",
          "rowHeaders": [
            "Number of prescriptions filled",
            "Number of prescriptions filled",
            "29",
            "14"
          ],
          "columnHeaders": [
            "TABLE 3. Quantity of Smoking-Cessation Medications Received by Subjects a",
            "Veterans Receiving",
            "Analysis",
            "t"
          ]
        },
        {
          "value": "23.18",
          "rowHeaders": [
            "Number of prescriptions filled",
            "Number of prescriptions filled",
            "29",
            "14"
          ],
          "columnHeaders": [
            "TABLE 3. Quantity of Smoking-Cessation Medications Received by Subjects a",
            "Veterans Receiving",
            "Analysis",
            "df"
          ]
        },
        {
          "value": "0.80",
          "rowHeaders": [
            "Number of prescriptions filled",
            "Number of prescriptions filled",
            "29",
            "14"
          ],
          "columnHeaders": [
            "TABLE 3. Quantity of Smoking-Cessation Medications Received by Subjects a",
            "Veterans Receiving",
            "Analysis",
            "p (two-tailed)"
          ]
        },
        {
          "value": "1.0",
          "rowHeaders": [
            "Number of prescriptions filled",
            "Number of bottles received",
            "1"
          ],
          "columnHeaders": [
            "TABLE 3. Quantity of Smoking-Cessation Medications Received by Subjects a",
            "Veterans Receiving",
            "Integrated Care",
            "Mean"
          ]
        },
        {
          "value": "4.7",
          "rowHeaders": [
            "Number of prescriptions filled",
            "Number of bottles received",
            "1",
            "3"
          ],
          "columnHeaders": [
            "TABLE 3. Quantity of Smoking-Cessation Medications Received by Subjects a",
            "Veterans Receiving",
            "Usual Standard of Care",
            "Mean"
          ]
        },
        {
          "value": "3.5",
          "rowHeaders": [
            "Number of prescriptions filled",
            "Number of bottles received",
            "1",
            "3"
          ],
          "columnHeaders": [
            "TABLE 3. Quantity of Smoking-Cessation Medications Received by Subjects a",
            "Veterans Receiving",
            "Usual Standard of Care",
            "SD"
          ]
        },
        {
          "value": "14.0",
          "rowHeaders": [
            "Days' supply",
            "1"
          ],
          "columnHeaders": [
            "TABLE 3. Quantity of Smoking-Cessation Medications Received by Subjects a",
            "Veterans Receiving",
            "Integrated Care",
            "Mean"
          ]
        },
        {
          "value": "80.0",
          "rowHeaders": [
            "Days' supply",
            "1",
            "3"
          ],
          "columnHeaders": [
            "TABLE 3. Quantity of Smoking-Cessation Medications Received by Subjects a",
            "Veterans Receiving",
            "Usual Standard of Care",
            "Mean"
          ]
        },
        {
          "value": "45.8",
          "rowHeaders": [
            "Days' supply",
            "1",
            "3"
          ],
          "columnHeaders": [
            "TABLE 3. Quantity of Smoking-Cessation Medications Received by Subjects a",
            "Veterans Receiving",
            "Usual Standard of Care",
            "SD"
          ]
        },
        {
          "value": "1.0",
          "rowHeaders": [
            "Number of prescriptions filled",
            "Number of prescriptions filled",
            "1"
          ],
          "columnHeaders": [
            "TABLE 3. Quantity of Smoking-Cessation Medications Received by Subjects a",
            "Veterans Receiving",
            "Integrated Care",
            "Mean"
          ]
        },
        {
          "value": "2.0",
          "rowHeaders": [
            "Number of prescriptions filled",
            "Number of prescriptions filled",
            "1",
            "3"
          ],
          "columnHeaders": [
            "TABLE 3. Quantity of Smoking-Cessation Medications Received by Subjects a",
            "Veterans Receiving",
            "Usual Standard of Care",
            "Mean"
          ]
        },
        {
          "value": "1.7",
          "rowHeaders": [
            "Number of prescriptions filled",
            "Number of prescriptions filled",
            "1",
            "3"
          ],
          "columnHeaders": [
            "TABLE 3. Quantity of Smoking-Cessation Medications Received by Subjects a",
            "Veterans Receiving",
            "Usual Standard of Care",
            "SD"
          ]
        }
      ],
      "page": 1
    }
  ]
}
