{
  "title": "A randomised controlled trial to evaluate the efficacy of a nurse-provided intervention for hospitalised smokers",
  "shortTitle": "Nagle (2005)",
  "filename": "Nagle 2005.pdf",
  "introduction": "",
  "content": [
    {
      "type": "TEXT",
      "text": "A randomised controlled trial to evaluate the efficacy of a nurse-provided intervention for hospitalised smokers\n\nObjective: Does the provision of a nursebased intervention lead to smoking cessation in hospital patients? Methods: At tertiary teaching hospital in Newcastle, Australia, 4,779 eligible (aged 18-80, admitted for at least 24 hours, and able to provide informed consent) and consenting (73.4%) in-patients were recruited into a larger cross-sectional survey. 1,422 (29.7%) smokers (in the last 12 months) were randomly assigned to control (n=711) or intervention group (n=711). The brief nurse-delivered intervention incorporated: tailored information, assessment of withdrawal, offer of nicotine replacement therapy, booklets, and a discharge letter. Selfreported cessation at 12 months was validated with CO and salivary cotinine. Results: There were no significant differences between groups in self-reported abstinence at three or 12 months post intervention, based on an intention to treat analysis. At three months, self-reported abstinence was 27.3% (I) and 27.5% (C); at 12 months was 18.5% (I) and 20.6% (C). There were no differences in validation of self-report between intervention and control groups at 12 months. Conclusion: This brief nurse-provided in-patient intervention did not significantly increase the smoking cessation rates compared with the control group at either three or 12-month follow-up. Implications: A systematic total quality improvement model of accountable outcome-focused treatment, incorporating assertive physician-led pharmacotherapy, routine assessment and recording of nicotine dependence (ICD 10 coding), inand outpatient services and engagement from multidisciplinary teams of health professionals maybe required to improve treatment modalities for this chronic addictive disorder.\n\n\n\n\nThe study design consisted of an initial cross-sectional prevalence survey of all hospital patients (both smokers and nonsmokers). Potential participants were consecutive patients admitted to hospital over 12 months in 1997, who provided demographic and smoking history. Eligible patients who reported being smokers in the preceding 12 months were then randomly assigned to either a control group or the intervention group. Outcome measures were collected at three and 12 months post discharge. The study had approval from the Human Research Ethics Committees of the University of Newcastle and the Hunter Area Health Service, as well as the senior management of the hospital.\n\n\nThe study was conducted in a 500-bed, metropolitan, tertiary teaching hospital in the Hunter region of New South Wales, Australia. The names of potential participants were obtained from the Area Health Service's patient database of all\n\n\n\n\nEfficacy of a nurse-provided intervention   assessment and identification, patient booklets and the post discharge letter sent to their GP, a proportion of patients in the intervention condition (15% of recent smokers and 11.6% of recent quitters) did not receive the brief bedside smoking cessation counselling from the CNS (due largely to the mobility of some patients in the hospital environment and patients not being in their bed on multiple contact attempts). A second potential methodological limitation is the use of ward nurses in the intervention, which raises the potential for contamination of the control group. The general ward nurse elements of the intervention (in-service training of more than half of all nurses, the presence of Smoking Cessation Clinical Pathway tools on intervention patients' bed charts, the presence of training manuals at the nursing stations and the presence of the CNS in the wards every day) may have acted as prompts forward nurses to intervene with other patients in the ward (some in the control group). However, given the lack of documentation from any ward nurses indicating the delivery of any smoking cessation care to the \"identified and consenting\" patients in the intervention group, it would seem unlikely that ward nurses were delivering any smoking cessation care. It is probable that in the hectic and overloaded work environment of the ward, and the presence of the smoking cessation CNS on the ward (capable, trained and employed to deliver the care), that a low priority was given to smoking cessation care by ward nurses. The lack of adoption by usual ward nursing staff of the protocols for providing cessation care has also been noted by other researchers, with Hajek et al. suggesting that inconsistent delivery of the intervention raised concerns about the feasibility of incorporating smoking cessation interventions in routine care. It is possible that there may have been some contamination between intervention and control patient (transfer of booklets or exposure to the CNS bedside counselling session). However, the 711 intervention patients were dispersed throughout the hospital's 11,133 admissions in the year of the study.\nAnother possible explanation of the null effect in this study could be a Hawthorne effect. The control group received considerably more than the usual care received by smokers in a hospital setting. The control group were assessed at the bedside for smoking status and history, informed of a list of potential care they might receive if they agreed to participate in the study (including counselling, assessment of withdrawal symptoms, provision of booklets, offer of NRT and post discharge letter to their GP). Additionally, they were monitored over 12 months post discharge with follow-up telephone calls at three and 12 months by an interviewer asking about their smoking status, history since discharge and use of NRT. It is possible that these research components acted as an assessment and monitoring intervention and that the addition of the brief nurse intervention did not increase the cessation rates above this level. However, there is no evidence of the impact of such monitoring and assessment on cessation rates among hospital patients nor on the natural quit rate post hospitalisation. Both intervention and control conditions delivered a conservatively estimated point prevalence of abstinence at 12 months of 10% (based on classifying self-reported non smokers who were lost to follow-up, who refused biochemical validation, or who had CO >10ppm, as smokers).\nClinical practice guidelines for treating tobacco use and dependence recommend first-line pharmacotherapies (such as NRT) should be prescribed in the absence of contraindications. In our trial, the offer of NRT was accepted by only a small proportion of patients in the intervention group and an even lower proportion were eventually prescribed and received NRT (3%). This is similar to studies of NRT use during hospitalisation reported by and. It may require more assertive prescription of pharmacotherapy for this chronic addictive disorder from a physician (similar to pharmacotherapies for hyperlipidemia and hypertension) than the 'offer' of NRT by a nurse to achieve compliance with best practice guidelines.\nOf interest is the finding that of those patients who reported having quit smoking in the year prior to admission, only 65% (at three months) and 42% (at 12 months) reported being abstinent. This suggests that the risk of relapse is high among this population and that interventions to prevent relapse among recent quitter inpatients are appropriate.\n\n\nDuring every weekday morning of the data collection period, patient data from the hospital admissions database were downloaded onto a temporary database (LAPSMOKE), including name, medical record number (MRN) and ward location. The research nurse with the LAPSMOKE database visited each ward and met with the nursing unit manager (NUM) or nominee, who was responsible for determining the eligibility of each patient in their ward to be approached for recruitment into the study by the research staff. The criteria for NUM exclusion were: physical inability to provide informed consent (e.g. deaf, brain injury, unconscious); mentally unable to provide informed consent (e.g. Alzheimer's Disease, anxiety, depression, under medication influence likely to impair informed consent); inability to speak English; unexpected early discharge; and unspecified reason (for confidentiality the NUM declined to provide a specific reason). Patients were classified as either eligible, permanently ineligible or potentially eligible (e.g. still recovering from anaesthetic and maybe eligible on a later day) to participate in the cross-sectional survey.\nAll eligible patients were approached at their bedside by the research assistant and provided with a standard information letter explaining the study and a consent form. The study was described to patients as being important for all patients, smokers and nonsmokers alike, particularly the bedside interview (admission interview schedule) about personal characteristics and smoking history (not part of this hospital's standard admission procedure), and access to medical records to provide diagnoses. The study was also described as involving possible receipt of information booklets, counselling about withdrawal symptoms, the offer of nicotine replacement therapy (NRT), letter to their GP post discharge and follow-up telephone calls post discharge. In addition, they maybe asked for permission fora research assistant to visit their home to take a breath sample using a smokelyser or provide a salivary cotinine sample.\nA trained research assistant administered the admission interview schedule to all consenting patients, which comprised demographic and smoking status questions. Never smokers and ex-smokers (who had quit more than 12 months before admission) ended their participation here. Patients who reported smoking within the last 12 months (this included current smokers and those who had quit smoking in the preceding 12 months, who could all potentially benefit from the intervention) were entered by the research assistant at the patient's bedside into the LAPSMOKE program on a laptop computer, which gave an immediate random allocation to either control or intervention group that could not be changed. Randomisation was based on blocks of 20 patients being assigned to either control or intervention. Stratification into recent smoker and recent quitter categories occurred prior to randomisation. Patients assigned to the intervention group had a Smoking Cessation Clinical Pathway document placed on their bedside chart (identifying them toward nurses), and were also included in the client list for the clinical nurse specialist (CNS). Patients in the control group were not identified to either ward nurses or the CNS and were not approached further as part of the study during their hospital stay.\nAfter discharge, all patients in the RCT were contacted by telephone and surveyed at three and 12 months post discharge. Multiple attempts were made to telephone contact non-responders and after 10 unsuccessful attempts, patients were posted a survey and reply-paid envelope. Patients who were not contactable (but were not deceased or withdrawn) at three months were included at later follow-up. Research assistants were trained to deliver the telephone surveys and were blind to the allocation group. Investigators were blind to the results throughout the study and follow-up period.\nValidation by carbon monoxide and salivary cotinine measurement was carried out for all patients who reported abstinence at three and 12 months. A research assistant went to the home of the participants to obtain a saliva sample and perform carbon monoxide testing.\n\n\nThe patient intervention components consisted of: assessment and identification of smokers with the Smoking Cessation Clinical Pathway -one copy on the patients' bedcharts (identifying intervention patients forward nurses and providing a reporting vehicle for care delivery) and one for the CNS; two brief CNSdelivered counselling sessions; delivery of patient booklets, A guide for hospitalised smokers -Surviving a smokefree hospital stay, and A guide for friends and relatives -How to help a hospitalised smoker, delivered by the research assistant at recruitment; offer of nicotine replacement therapy and discharge letter for patients' general practitioner.\nAdditionally, the intervention involved training of at least half of all full-time equivalent ward nurses (during their in-service training) in the delivery of brief opportunistic smoking cessation advice; placement of a smoking cessation manual at the nurses' station on each ward, and inclusion of NRT in the hospital pharmacy and training of a nurse educator on each ward to support staff.\nUsual care for smokers at the time of the study involved no standardised smoking assessment, minimal contact about smoking or symptoms, no pharmacotherapy available in the hospital pharmacy, no discharge plan, and smoking behaviour was not considered part of the drug and alcohol counsellor's role. The control group received (for ethical informed consent) assessment of their smoking status, information about the smoking research trial and the components of the intervention that participants may receive. In addition, they had two follow-up telephone surveys at three and 12 months post discharge asking about their smoking status (and for some patients a visit to take CO and saliva samples\n\n\ndose of 14mg patch as per the pharmaceutical company guidelines for administration. Side effects such as nightmares were noted in some patients but were not sufficient to cease taking NRT. The data from the Smoking Cessation Clinical Pathway on the patient bed charts show that no components of brief opportunistic counselling were recorded as having been delivered by ward nurses.\n\n\nThe brief bedside admission interview schedule included sociodemographic questions (gender, education, employment, and occupation) and self-reported smoking status questions: \"Have you ever smoked any cigarettes, cigars or pipes? If no (Never Smoker) and if yes, can you tell me when you smoked your last cigarette?\", with response options: Since admitted to hospital (Recent Smoker); On the day of admission but not after entering hospital (Recent Smoker); In the week prior to admission (Recent Smoker); In the 3 months prior to admission (but not in the week prior to admission) (Recent Quitter); More than 3 months but less than 12 months before admission (Recent Quitter); More than 12 months before admission.\nThe Smoking Cessation Clinical Pathway document (both the bedside chart and that retained by the CNS) measured the delivery of intervention care components.\nThe main outcome measures were obtained through the threeand 12-month post-discharge telephone interviews, and included both self-reported point prevalence (24 hours) of abstinence and continuous abstinence since discharge. Validation was carried out at 12 months using carbon monoxide testing with a Smokerlyser (model ACE 055) on all self-reported abstinent patients. Two readings were taken for each patient. If a discrepancy arose between both readings, i.e. one registered above the cut-off level and one below, a third reading was sought for clarification. The cut-off level was set at convention at 10 ppm (parts per million) above that point indicating exposure to carbon monoxide in cigarettes. Saliva samples for cotinine measures were also collected and analysed by the Royal Prince Alfred laboratories in Sydney, using a cut-point of 50nmol/L with levels above indicating continued smoking. 7\n\n\nA sample size of 700 was required to detect an absolute difference in smoking of 5% between control and intervention groups with a power of 80% and alpha of 95%, assuming that the control group had a quit rate of 10%. All responses were analysed on an intention-to-treat basis. No interim data analysis was performed throughout the study. Basic frequencies and odds ratios with 95% confidence intervals were calculated using STATA Version 5 software. shows a flowchart of patient recruitment to the study. Of the 11,133 patients admitted to the hospital during the study period, 6,507 (58.4%) were eligible and of these 4,779 (73.4%) consented. Of these, 1,091 (22.8%) were recent smokers (4.2% in the week prior to admission; 9.2% on the day of admission; and 9.3% since admission), 331 (6.9%) were recent quitters (2.7% in the three months; 1.2% in the 3-6 months and 3.1% in the 6-12\n\n\n\n\n\n\n\n\nNo differences were found between intervention and control groups in point prevalence of abstinence, (19.5% vs. 21.9%) or continuous abstinence (11.7% vs. 13.9%) at 12 months. Among recent smokers at 12 months 12.4% of intervention group and 15.4% of control group patients reported point prevalence of abstinence. Among those who had quit smoking in the 12 months preceding hospitalisation, 42% of the intervention group and 44% of the control group reported being abstinent in the preceding 24 hours.\n\n\nResults of biochemical validation of self-report in show no significant differences between the groups in misreporting of smoking status based on CO or salivary cotinine. As can be seen from, the proportion of all patients (in both groups) providing self-report data at 12 months who refused (at 12 months) to participate in the validation study was approximately 50%. This could indicate either misreporting or a disinclination to have a home visit and intrusive testing. Conservatively classifying those who refused to consent to biochemical validation as smokers, the validation data shows that 9.4% (67/711) of intervention and 9.7% (69/711) of control patients were likely to have been accurately reporting abstinence for the last 24 hours at 12 months, based on carbon monoxide measurement. Similarly, based on salivary cotinine assay, 6.8% (48/711) of intervention patients and 7.7% (54/711) of controls were likely to have been accurately reporting abstinence for the last seven days at 12 months.\n\n\nThe research assistant records showed that all patients in the intervention group received the two patient booklets (delivered by the research assistant) and their nominated GP was sent a letter after their discharge. The data from the Clinical Pathway document held by the CNS for each intervention patient indicated that the CNS visited 459 (85%) recent smokers on at least one occasion with 205 (37.9%) receiving two visits. The CNS spent a median time of 10 minutes per session (range 1-35 minutes). In the recent quitters intervention group, 151 (88.3%) received at least one visit from the CNS, with 139 (81.3%) of recent quitters receiving both planned CNS visits. The median time for each session visit in this group was five minutes (range. Patients seen by the CNS were visited within a median of two days of notification. Some patients were discharged prior to being seen by the CNS and thus missed sessions: 81 (15%) of the recent smoker intervention group and 20 (11.7%) of the recent quitter intervention group.\nNRT was accepted by 29 (4.1%) of patients in the intervention group and prescribed and delivered to 22 (3.1%). The usual dose was 21mg patches with six patients being commenced on a smaller\n\n\nThis randomised controlled trial of a brief nurse-based smoking cessation intervention for hospitalised patients found no significant difference in the cessation rates between intervention and control groups at three or 12 months. Subsequent trials have found similar null results from a brief bedside intervention, which included a one-month follow-up telephone call (Rigotti 2000). Additionally, a United Kingdom (UK) trial of 540 patients with myocardial infarction, given either usual care (control) or a brief 20-minute bedside intervention, reported no difference in cessation rates between groups at either six weeks or 12 months. 10 Prior to discussing the implications and potential explanations for these findings, it is appropriate to review some aspects of the methodology used in this study.\nFirst, the strengths of the study included: outcome data based on an \"intention to treat\" analysis, the randomisation process provided no opportunity for interference, and the blinding process for outcome measurement removed potential bias among interviewers and investigators. The study used a large sample size recruited from medical record numbers on the HOSPAS database for all admissions. Biochemical validation was used for selfreported smoking status. Recent smokers as well as recent quitters were included in the study and separately analysed, enabling comparison with other datasets.\nSome limitations with the methodology also need to be noted. Two key methodological issues for an efficacy trial include the fidelity of intervention delivery and possible contamination between groups. Our process evaluation provided evidence of less than complete delivery of all the intervention components to the treatment group. While all intervention patients received\n\n\nThe current study found that a brief nurse-provided in-hospital intervention did not increase the quit rate at three or 12 months post discharge, compared with the control group. One important outcome of this study is the finding that 10% (validated) of the control group had quit smoking at 12 months. Unfortunately, we do not have data on the spontaneous quit rate from hospitalisation. However, it is possible that the standardised assessment and monitoring of smoking status could yield abstinence rates of 10% (validated) at 12 months post discharge. Given the evidence for the efficacy of more intensive programs and the lack of evidence in this trial for brief interventions, a more co-ordinated systematic model seems necessary. For instance, the combination of multiple providers, in-patient and out-patient components, routine assessment and recording systems for coding of nicotine dependence (using the ICD-10 code of F17) on medical records together with more active pharmacotherapy could be beneficial.\nIt is notable that evidence of such an approach could be gathered using strategies other than large RCTs. For instance, a systematic, health system wide, total quality improvement model, which incorporates 12-month post discharge monitoring and feedback to hospital management on outcomes, has the potential overtime to increase outcomes. Compared with efforts put into the detection and treatment of hypertension, the relative lack of assessment and treatment of smoking in hospitals is unsatisfactory. In view of the burden on the hospital budget of smoking-related admissions, it is imperative that hospital and healthcare management adopt systematic, outcome-focused treatment modalities for this chronic addictive disorder.",
      "page": 1
    },
    {
      "type": "TABLE",
      "cells": [
        {
          "value": "430 (60.5)",
          "rowHeaders": [
            "Female"
          ],
          "columnHeaders": [
            "Intervention",
            "(%)"
          ]
        },
        {
          "value": "475 (66.8)",
          "rowHeaders": [
            "Female",
            "77 (10.8)"
          ],
          "columnHeaders": [
            "Control",
            "(%)"
          ]
        },
        {
          "value": "0.242",
          "rowHeaders": [
            "Female",
            "77 (10.8)",
            "59 (8.3)"
          ],
          "columnHeaders": [
            "Control",
            "p value"
          ]
        },
        {
          "value": "0.76",
          "rowHeaders": [
            "Female",
            "77 (10.8)",
            "59 (8.3)"
          ],
          "columnHeaders": [
            "Control",
            "OR"
          ]
        },
        {
          "value": "281 (39.5)",
          "rowHeaders": [
            "Male"
          ],
          "columnHeaders": [
            "Intervention",
            "(%)"
          ]
        },
        {
          "value": "236 (33.2)",
          "rowHeaders": [
            "Male",
            "77 (10.8)"
          ],
          "columnHeaders": [
            "Control",
            "(%)"
          ]
        },
        {
          "value": "0.090",
          "rowHeaders": [
            "Male",
            "77 (10.8)",
            "59 (8.3)"
          ],
          "columnHeaders": [
            "Control",
            "p value"
          ]
        },
        {
          "value": "1.31",
          "rowHeaders": [
            "Male",
            "77 (10.8)",
            "59 (8.3)"
          ],
          "columnHeaders": [
            "Control",
            "OR"
          ]
        },
        {
          "value": "278 (39.0)",
          "rowHeaders": [
            "≥18 ≤ 34"
          ],
          "columnHeaders": [
            "Intervention",
            "(%)"
          ]
        },
        {
          "value": "293 (41.2)",
          "rowHeaders": [
            "≥18 ≤ 34",
            "77 (10.8)"
          ],
          "columnHeaders": [
            "Control",
            "(%)"
          ]
        },
        {
          "value": "0.596",
          "rowHeaders": [
            "≥18 ≤ 34",
            "77 (10.8)",
            "59 (8.3)"
          ],
          "columnHeaders": [
            "Control",
            "p value"
          ]
        },
        {
          "value": "0.91",
          "rowHeaders": [
            "≥18 ≤ 34",
            "77 (10.8)",
            "59 (8.3)"
          ],
          "columnHeaders": [
            "Control",
            "OR"
          ]
        },
        {
          "value": "299 (42.0)",
          "rowHeaders": [
            "≥35 ≤ 69"
          ],
          "columnHeaders": [
            "Intervention",
            "(%)"
          ]
        },
        {
          "value": "315 (44.4)",
          "rowHeaders": [
            "≥35 ≤ 69",
            "77 (10.8)"
          ],
          "columnHeaders": [
            "Control",
            "(%)"
          ]
        },
        {
          "value": "0.589",
          "rowHeaders": [
            "≥35 ≤ 69",
            "77 (10.8)",
            "59 (8.3)"
          ],
          "columnHeaders": [
            "Control",
            "p value"
          ]
        },
        {
          "value": "0.91",
          "rowHeaders": [
            "≥35 ≤ 69",
            "77 (10.8)",
            "59 (8.3)"
          ],
          "columnHeaders": [
            "Control",
            "OR"
          ]
        },
        {
          "value": "134 (19.0)",
          "rowHeaders": [
            "≥70"
          ],
          "columnHeaders": [
            "Intervention",
            "(%)"
          ]
        },
        {
          "value": "103 (14.4)",
          "rowHeaders": [
            "≥70",
            "77 (10.8)"
          ],
          "columnHeaders": [
            "Control",
            "(%)"
          ]
        },
        {
          "value": "0.062",
          "rowHeaders": [
            "≥70",
            "77 (10.8)",
            "59 (8.3)"
          ],
          "columnHeaders": [
            "Control",
            "p value"
          ]
        },
        {
          "value": "1.3",
          "rowHeaders": [
            "≥70",
            "77 (10.8)",
            "59 (8.3)"
          ],
          "columnHeaders": [
            "Control",
            "OR"
          ]
        },
        {
          "value": "403 (56.8)",
          "rowHeaders": [
            "Married"
          ],
          "columnHeaders": [
            "Intervention",
            "(%)"
          ]
        },
        {
          "value": "430 (60.7)",
          "rowHeaders": [
            "Married",
            "77 (10.8)"
          ],
          "columnHeaders": [
            "Control",
            "(%)"
          ]
        },
        {
          "value": "0.458",
          "rowHeaders": [
            "Married",
            "77 (10.8)",
            "59 (8.3)"
          ],
          "columnHeaders": [
            "Control",
            "p value"
          ]
        },
        {
          "value": "0.85",
          "rowHeaders": [
            "Married",
            "77 (10.8)",
            "59 (8.3)"
          ],
          "columnHeaders": [
            "Control",
            "OR"
          ]
        },
        {
          "value": "135 (19.0)",
          "rowHeaders": [
            "Separate/divorced/widowed"
          ],
          "columnHeaders": [
            "Intervention",
            "(%)"
          ]
        },
        {
          "value": "106 (14.9)",
          "rowHeaders": [
            "Separate/divorced/widowed",
            "77 (10.8)"
          ],
          "columnHeaders": [
            "Control",
            "(%)"
          ]
        },
        {
          "value": "0.084",
          "rowHeaders": [
            "Separate/divorced/widowed",
            "77 (10.8)",
            "59 (8.3)"
          ],
          "columnHeaders": [
            "Control",
            "p value"
          ]
        },
        {
          "value": "1.33",
          "rowHeaders": [
            "Separate/divorced/widowed",
            "77 (10.8)",
            "59 (8.3)"
          ],
          "columnHeaders": [
            "Control",
            "OR"
          ]
        },
        {
          "value": "171 (24.1)",
          "rowHeaders": [
            "Never married"
          ],
          "columnHeaders": [
            "Intervention",
            "(%)"
          ]
        },
        {
          "value": "172 (24.2)",
          "rowHeaders": [
            "Never married",
            "77 (10.8)"
          ],
          "columnHeaders": [
            "Control",
            "(%)"
          ]
        },
        {
          "value": "0.961",
          "rowHeaders": [
            "Never married",
            "77 (10.8)",
            "59 (8.3)"
          ],
          "columnHeaders": [
            "Control",
            "p value"
          ]
        },
        {
          "value": "0.99",
          "rowHeaders": [
            "Never married",
            "77 (10.8)",
            "59 (8.3)"
          ],
          "columnHeaders": [
            "Control",
            "OR"
          ]
        },
        {
          "value": "274 (38.9)",
          "rowHeaders": [
            "Employed full time/part time"
          ],
          "columnHeaders": [
            "Intervention",
            "(%)"
          ]
        },
        {
          "value": "237 (33.9)",
          "rowHeaders": [
            "Employed full time/part time",
            "77 (10.8)"
          ],
          "columnHeaders": [
            "Control",
            "(%)"
          ]
        },
        {
          "value": "0.160",
          "rowHeaders": [
            "Employed full time/part time",
            "77 (10.8)",
            "59 (8.3)"
          ],
          "columnHeaders": [
            "Control",
            "p value"
          ]
        },
        {
          "value": "1.25",
          "rowHeaders": [
            "Employed full time/part time",
            "77 (10.8)",
            "59 (8.3)"
          ],
          "columnHeaders": [
            "Control",
            "OR"
          ]
        },
        {
          "value": "199 (28.3)",
          "rowHeaders": [
            "Home duties full time"
          ],
          "columnHeaders": [
            "Intervention",
            "(%)"
          ]
        },
        {
          "value": "201 (28.8)",
          "rowHeaders": [
            "Home duties full time",
            "77 (10.8)"
          ],
          "columnHeaders": [
            "Control",
            "(%)"
          ]
        },
        {
          "value": "0.930",
          "rowHeaders": [
            "Home duties full time",
            "77 (10.8)",
            "59 (8.3)"
          ],
          "columnHeaders": [
            "Control",
            "p value"
          ]
        },
        {
          "value": "0.99",
          "rowHeaders": [
            "Home duties full time",
            "77 (10.8)",
            "59 (8.3)"
          ],
          "columnHeaders": [
            "Control",
            "OR"
          ]
        },
        {
          "value": "230 (32.7)",
          "rowHeaders": [
            "Student/ret/unemployed/unable"
          ],
          "columnHeaders": [
            "Intervention",
            "(%)"
          ]
        },
        {
          "value": "260 (37.1)",
          "rowHeaders": [
            "Student/ret/unemployed/unable",
            "77 (10.8)"
          ],
          "columnHeaders": [
            "Control",
            "(%)"
          ]
        },
        {
          "value": "0.242",
          "rowHeaders": [
            "Student/ret/unemployed/unable",
            "77 (10.8)",
            "59 (8.3)"
          ],
          "columnHeaders": [
            "Control",
            "p value"
          ]
        },
        {
          "value": "0.82",
          "rowHeaders": [
            "Student/ret/unemployed/unable",
            "77 (10.8)",
            "59 (8.3)"
          ],
          "columnHeaders": [
            "Control",
            "OR"
          ]
        },
        {
          "value": "0.140",
          "rowHeaders": [
            "Manager/professional/para prof",
            "77 (10.8)",
            "59 (8.3)"
          ],
          "columnHeaders": [
            "Control",
            "p value"
          ]
        },
        {
          "value": "1.34",
          "rowHeaders": [
            "Manager/professional/para prof",
            "77 (10.8)",
            "59 (8.3)"
          ],
          "columnHeaders": [
            "Control",
            "OR"
          ]
        },
        {
          "value": "339 (47.8)",
          "rowHeaders": [
            "Trade/admin assistant"
          ],
          "columnHeaders": [
            "Intervention",
            "(%)"
          ]
        },
        {
          "value": "369 (52.3)",
          "rowHeaders": [
            "Trade/admin assistant",
            "77 (10.8)"
          ],
          "columnHeaders": [
            "Control",
            "(%)"
          ]
        },
        {
          "value": "0.357",
          "rowHeaders": [
            "Trade/admin assistant",
            "77 (10.8)",
            "59 (8.3)"
          ],
          "columnHeaders": [
            "Control",
            "p value"
          ]
        },
        {
          "value": "0.84",
          "rowHeaders": [
            "Trade/admin assistant",
            "77 (10.8)",
            "72 (10.1)"
          ],
          "columnHeaders": [
            "Control",
            "OR"
          ]
        },
        {
          "value": "213 (30.0)",
          "rowHeaders": [
            "Sales/operator/manual"
          ],
          "columnHeaders": [
            "Intervention",
            "(%)"
          ]
        },
        {
          "value": "205 (29.0)",
          "rowHeaders": [
            "Sales/operator/manual",
            "79 (11.1)"
          ],
          "columnHeaders": [
            "Control",
            "(%)"
          ]
        },
        {
          "value": "0.731",
          "rowHeaders": [
            "Sales/operator/manual",
            "79 (11.1)",
            "72 (10.1)"
          ],
          "columnHeaders": [
            "Control",
            "p value"
          ]
        },
        {
          "value": "0.95",
          "rowHeaders": [
            "Sales/operator/manual",
            "79 (11.1)",
            "72 (10.1)"
          ],
          "columnHeaders": [
            "Control",
            "OR"
          ]
        },
        {
          "value": "0.588",
          "rowHeaders": [
            "No job/home/other",
            "79 (11.1)",
            "72 (10.1)"
          ],
          "columnHeaders": [
            "Control",
            "p value"
          ]
        },
        {
          "value": "1.10",
          "rowHeaders": [
            "No job/home/other",
            "79 (11.1)",
            "72 (10.1)"
          ],
          "columnHeaders": [
            "Control",
            "OR"
          ]
        },
        {
          "value": "165 (23.4)",
          "rowHeaders": [
            "No/some secondary"
          ],
          "columnHeaders": [
            "Intervention",
            "(%)"
          ]
        },
        {
          "value": "147 (20.8)",
          "rowHeaders": [
            "No/some secondary",
            "79 (11.1)"
          ],
          "columnHeaders": [
            "Control",
            "(%)"
          ]
        },
        {
          "value": "0.356",
          "rowHeaders": [
            "No/some secondary",
            "79 (11.1)",
            "72 (10.1)"
          ],
          "columnHeaders": [
            "Control",
            "p value"
          ]
        },
        {
          "value": "1.15",
          "rowHeaders": [
            "No/some secondary",
            "79 (11.1)",
            "72 (10.1)"
          ],
          "columnHeaders": [
            "Control",
            "OR"
          ]
        },
        {
          "value": "424 (60.2)",
          "rowHeaders": [
            "Intermediate/HSC"
          ],
          "columnHeaders": [
            "Intervention",
            "(%)"
          ]
        },
        {
          "value": "439 (62.3)",
          "rowHeaders": [
            "Intermediate/HSC",
            "79 (11.1)"
          ],
          "columnHeaders": [
            "Control",
            "(%)"
          ]
        },
        {
          "value": "0.687",
          "rowHeaders": [
            "Intermediate/HSC",
            "79 (11.1)",
            "72 (10.1)"
          ],
          "columnHeaders": [
            "Control",
            "p value"
          ]
        },
        {
          "value": "0.91",
          "rowHeaders": [
            "Intermediate/HSC",
            "79 (11.1)",
            "72 (10.1)"
          ],
          "columnHeaders": [
            "Control",
            "OR"
          ]
        },
        {
          "value": "115 (16.2)",
          "rowHeaders": [
            "Trade/apprent/cert/dip/degrees"
          ],
          "columnHeaders": [
            "Intervention",
            "(%)"
          ]
        },
        {
          "value": "118 (16.6)",
          "rowHeaders": [
            "Trade/apprent/cert/dip/degrees",
            "79 (11.1)"
          ],
          "columnHeaders": [
            "Control",
            "(%)"
          ]
        },
        {
          "value": "0.855",
          "rowHeaders": [
            "Trade/apprent/cert/dip/degrees",
            "79 (11.1)",
            "72 (10.1)"
          ],
          "columnHeaders": [
            "Control",
            "p value"
          ]
        },
        {
          "value": "0.96",
          "rowHeaders": [
            "Trade/apprent/cert/dip/degrees",
            "79 (11.1)",
            "72 (10.1)"
          ],
          "columnHeaders": [
            "Control",
            "OR"
          ]
        },
        {
          "value": "347 (50.8)",
          "rowHeaders": [
            "≤5 days"
          ],
          "columnHeaders": [
            "Intervention",
            "(%)"
          ]
        },
        {
          "value": "358 (52.6)",
          "rowHeaders": [
            "≤5 days",
            "79 (11.1)"
          ],
          "columnHeaders": [
            "Control",
            "(%)"
          ]
        },
        {
          "value": "0.735",
          "rowHeaders": [
            "≤5 days",
            "79 (11.1)",
            "72 (10.1)"
          ],
          "columnHeaders": [
            "Control",
            "p value"
          ]
        },
        {
          "value": "0.93",
          "rowHeaders": [
            "≤5 days",
            "79 (11.1)",
            "72 (10.1)"
          ],
          "columnHeaders": [
            "Control",
            "OR"
          ]
        },
        {
          "value": "173 (25.3)",
          "rowHeaders": [
            "≥6 ≤ 10 days"
          ],
          "columnHeaders": [
            "Intervention",
            "(%)"
          ]
        },
        {
          "value": "158 (23.2)",
          "rowHeaders": [
            "≥6 ≤ 10 days",
            "79 (11.1)"
          ],
          "columnHeaders": [
            "Control",
            "(%)"
          ]
        },
        {
          "value": "0.458",
          "rowHeaders": [
            "≥6 ≤ 10 days",
            "79 (11.1)",
            "72 (10.1)"
          ],
          "columnHeaders": [
            "Control",
            "p value"
          ]
        },
        {
          "value": "1.12",
          "rowHeaders": [
            "≥6 ≤ 10 days",
            "79 (11.1)",
            "72 (10.1)"
          ],
          "columnHeaders": [
            "Control",
            "OR"
          ]
        },
        {
          "value": "163 (23.8)",
          "rowHeaders": [
            "≥11 days"
          ],
          "columnHeaders": [
            "Intervention",
            "(%)"
          ]
        },
        {
          "value": "163 (23.9)",
          "rowHeaders": [
            "≥11 days",
            "79 (11.1)"
          ],
          "columnHeaders": [
            "Control",
            "(%)"
          ]
        },
        {
          "value": "1.000",
          "rowHeaders": [
            "≥11 days",
            "79 (11.1)",
            "72 (10.1)"
          ],
          "columnHeaders": [
            "Control",
            "p value"
          ]
        },
        {
          "value": "540 (76.0)",
          "rowHeaders": [
            "Recent smokers (smoked in week"
          ],
          "columnHeaders": [
            "Intervention",
            "(%)",
            "1"
          ]
        },
        {
          "value": "551 (77.5)",
          "rowHeaders": [
            "Recent smokers (smoked in week",
            "79 (11.1)"
          ],
          "columnHeaders": [
            "Control",
            "(%)",
            "1"
          ]
        },
        {
          "value": "0.809",
          "rowHeaders": [
            "Recent smokers (smoked in week",
            "79 (11.1)",
            "72 (10.1)"
          ],
          "columnHeaders": [
            "Control",
            "p value",
            "1"
          ]
        },
        {
          "value": "0.91",
          "rowHeaders": [
            "Recent smokers (smoked in week",
            "79 (11.1)",
            "72 (10.1)"
          ],
          "columnHeaders": [
            "Control",
            "OR",
            "1"
          ]
        },
        {
          "value": "171 (24.0)",
          "rowHeaders": [
            "Recent quitters (smoked in 12 months"
          ],
          "columnHeaders": [
            "Intervention",
            "(%)",
            "1"
          ]
        },
        {
          "value": "160 (22.5)",
          "rowHeaders": [
            "Recent quitters (smoked in 12 months",
            "79 (11.1)"
          ],
          "columnHeaders": [
            "Control",
            "(%)",
            "1"
          ]
        },
        {
          "value": "0.625",
          "rowHeaders": [
            "Recent quitters (smoked in 12 months",
            "79 (11.1)",
            "72 (10.1)"
          ],
          "columnHeaders": [
            "Control",
            "p value",
            "1"
          ]
        },
        {
          "value": "1.09",
          "rowHeaders": [
            "Recent quitters (smoked in 12 months",
            "79 (11.1)",
            "72 (10.1)"
          ],
          "columnHeaders": [
            "Control",
            "OR",
            "1"
          ]
        }
      ],
      "page": 1
    },
    {
      "type": "TABLE",
      "cells": [
        {
          "value": "1.02",
          "rowHeaders": [
            "CO reading ≤10 ppm",
            "n=67",
            "n=69"
          ],
          "columnHeaders": [
            "OR",
            "n=75"
          ]
        },
        {
          "value": "0.97",
          "rowHeaders": [
            "Saliva cotinine",
            "n=48",
            "n=54"
          ],
          "columnHeaders": [
            "OR",
            "n=75",
            "n=6",
            "(8%)",
            "n=66"
          ]
        }
      ],
      "page": 1
    },
    {
      "type": "TABLE",
      "cells": [
        {
          "value": "0.928",
          "rowHeaders": [
            "Total sample",
            "194",
            "a (27.3)",
            "196 b (27.5)"
          ],
          "columnHeaders": [
            "Control",
            "p value"
          ]
        },
        {
          "value": "0.98",
          "rowHeaders": [
            "Total sample",
            "194",
            "a (27.3)",
            "196 b (27.5)"
          ],
          "columnHeaders": [
            "Control",
            "OR"
          ]
        },
        {
          "value": "0.965",
          "rowHeaders": [
            "Recent quitters",
            "112",
            "c (65.5)",
            "104 d (65)"
          ],
          "columnHeaders": [
            "Control",
            "p value"
          ]
        },
        {
          "value": "1.00",
          "rowHeaders": [
            "Recent quitters",
            "112",
            "c (65.5)",
            "104 d (65)"
          ],
          "columnHeaders": [
            "Control",
            "OR"
          ]
        },
        {
          "value": "82",
          "rowHeaders": [
            "Recent smokers"
          ],
          "columnHeaders": [
            "Intervention",
            "n"
          ]
        },
        {
          "value": "92 f (16.7)",
          "rowHeaders": [
            "Recent smokers",
            "112",
            "e (15.2)"
          ],
          "columnHeaders": [
            "Control",
            "(%)"
          ]
        },
        {
          "value": "0.561",
          "rowHeaders": [
            "Recent smokers",
            "112",
            "e (15.2)",
            "196 b (27.5)"
          ],
          "columnHeaders": [
            "Control",
            "p value"
          ]
        },
        {
          "value": "0.90",
          "rowHeaders": [
            "Recent smokers",
            "112",
            "e (15.2)",
            "196 b (27.5)"
          ],
          "columnHeaders": [
            "Control",
            "OR"
          ]
        },
        {
          "value": "0.411",
          "rowHeaders": [
            "Total sample",
            "132",
            "a (18.5)",
            "147 b (20.6)"
          ],
          "columnHeaders": [
            "Control",
            "p value"
          ]
        },
        {
          "value": "0.89",
          "rowHeaders": [
            "Total sample",
            "132",
            "a (18.5)",
            "147 b (20.6)"
          ],
          "columnHeaders": [
            "Control",
            "OR"
          ]
        },
        {
          "value": "84c (48.1)",
          "rowHeaders": [
            "Recent quitters"
          ],
          "columnHeaders": [
            "Intervention",
            "(%)"
          ]
        },
        {
          "value": "91d (56.9)",
          "rowHeaders": [
            "Recent quitters",
            "132",
            "a (18.5)"
          ],
          "columnHeaders": [
            "Control",
            "(%)"
          ]
        },
        {
          "value": "0.433",
          "rowHeaders": [
            "Recent quitters",
            "132",
            "a (18.5)",
            "147 b (20.6)"
          ],
          "columnHeaders": [
            "Control",
            "p value"
          ]
        },
        {
          "value": "0.86",
          "rowHeaders": [
            "Recent quitters",
            "132",
            "a (18.5)",
            "147 b (20.6)"
          ],
          "columnHeaders": [
            "Control",
            "OR"
          ]
        },
        {
          "value": "48",
          "rowHeaders": [
            "Recent smokers"
          ],
          "columnHeaders": [
            "Intervention",
            "n"
          ]
        },
        {
          "value": "56 f (10.2)",
          "rowHeaders": [
            "Recent smokers",
            "132",
            "e (8.9)"
          ],
          "columnHeaders": [
            "Control",
            "(%)"
          ]
        },
        {
          "value": "0.514",
          "rowHeaders": [
            "Recent smokers",
            "132",
            "e (8.9)",
            "147 b (20.6)"
          ],
          "columnHeaders": [
            "Control",
            "p value"
          ]
        },
        {
          "value": "0.87",
          "rowHeaders": [
            "Recent smokers",
            "132",
            "e (8.9)",
            "147 b (20.6)"
          ],
          "columnHeaders": [
            "Control",
            "OR"
          ]
        },
        {
          "value": "0.367",
          "rowHeaders": [
            "Total sample",
            "139",
            "a (19.5)",
            "156 b (21.9)"
          ],
          "columnHeaders": [
            "Control",
            "p value"
          ]
        },
        {
          "value": "0.89",
          "rowHeaders": [
            "Total sample",
            "139",
            "a (19.5)",
            "156 b (21.9)"
          ],
          "columnHeaders": [
            "Control",
            "OR"
          ]
        },
        {
          "value": "72c (42.1)",
          "rowHeaders": [
            "Recent quitters"
          ],
          "columnHeaders": [
            "Intervention",
            "(%)"
          ]
        },
        {
          "value": "71d (44.4)",
          "rowHeaders": [
            "Recent quitters",
            "139",
            "a (19.5)"
          ],
          "columnHeaders": [
            "Control",
            "(%)"
          ]
        },
        {
          "value": "0.793",
          "rowHeaders": [
            "Recent quitters",
            "139",
            "a (19.5)",
            "156 b (21.9)"
          ],
          "columnHeaders": [
            "Control",
            "p value"
          ]
        },
        {
          "value": "0.94",
          "rowHeaders": [
            "Recent quitters",
            "139",
            "a (19.5)",
            "156 b (21.9)"
          ],
          "columnHeaders": [
            "Control",
            "OR"
          ]
        },
        {
          "value": "67",
          "rowHeaders": [
            "Recent smokers"
          ],
          "columnHeaders": [
            "Intervention",
            "n"
          ]
        },
        {
          "value": "85 f (15.4)",
          "rowHeaders": [
            "Recent smokers",
            "139",
            "e (12.4)"
          ],
          "columnHeaders": [
            "Control",
            "(%)"
          ]
        },
        {
          "value": "0.210",
          "rowHeaders": [
            "Recent smokers",
            "139",
            "e (12.4)",
            "156 b (21.9)"
          ],
          "columnHeaders": [
            "Control",
            "p value"
          ]
        },
        {
          "value": "0.80",
          "rowHeaders": [
            "Recent smokers",
            "139",
            "e (12.4)",
            "156 b (21.9)"
          ],
          "columnHeaders": [
            "Control",
            "OR"
          ]
        },
        {
          "value": "83a (11.7)",
          "rowHeaders": [
            "Total sample"
          ],
          "columnHeaders": [
            "Intervention",
            "(%)"
          ]
        },
        {
          "value": "99b (13.9)",
          "rowHeaders": [
            "Total sample",
            "139",
            "e (12.4)"
          ],
          "columnHeaders": [
            "Control",
            "(%)"
          ]
        },
        {
          "value": "0.264",
          "rowHeaders": [
            "Total sample",
            "139",
            "e (12.4)",
            "f (8.3)"
          ],
          "columnHeaders": [
            "Control",
            "p value"
          ]
        },
        {
          "value": "0.83",
          "rowHeaders": [
            "Total sample",
            "139",
            "e (12.4)",
            "f (8.3)"
          ],
          "columnHeaders": [
            "Control",
            "OR"
          ]
        },
        {
          "value": "47c (27.5)",
          "rowHeaders": [
            "Recent quitters"
          ],
          "columnHeaders": [
            "Intervention",
            "(%)"
          ]
        },
        {
          "value": "53d (33.1)",
          "rowHeaders": [
            "Recent quitters",
            "139",
            "e (6.7)"
          ],
          "columnHeaders": [
            "Control",
            "(%)"
          ]
        },
        {
          "value": "0.413",
          "rowHeaders": [
            "Recent quitters",
            "139",
            "e (6.7)",
            "f (8.3)"
          ],
          "columnHeaders": [
            "Control",
            "p value"
          ]
        },
        {
          "value": "0.82",
          "rowHeaders": [
            "Recent quitters",
            "139",
            "e (6.7)",
            "f (8.3)"
          ],
          "columnHeaders": [
            "Control",
            "OR"
          ]
        },
        {
          "value": "36",
          "rowHeaders": [
            "Recent smokers"
          ],
          "columnHeaders": [
            "Intervention",
            "n"
          ]
        },
        {
          "value": "46",
          "rowHeaders": [
            "Recent smokers",
            "139",
            "e (6.7)"
          ],
          "columnHeaders": [
            "Control",
            "n"
          ]
        },
        {
          "value": "0.328",
          "rowHeaders": [
            "Recent smokers",
            "139",
            "e (6.7)",
            "f (8.3)"
          ],
          "columnHeaders": [
            "Control",
            "p value"
          ]
        },
        {
          "value": "0.79",
          "rowHeaders": [
            "Recent smokers",
            "139",
            "e (6.7)",
            "f (8.3)"
          ],
          "columnHeaders": [
            "Control",
            "OR"
          ]
        }
      ],
      "page": 1
    }
  ]
}
