{
  "title": "Effect on smoking quit rate of telling smokers their health risk appraisal in terms of health age: a randomized control trial",
  "shortTitle": "Paek (2014)",
  "filename": "Paek 2014.pdf",
  "introduction": "BACKGROUND: We evaluated whether providing health risk appraisal for Koreans (KHRA) in terms of 'health age' during smoking cessation program would effectively help smokers quit smoking or not. MATERIALS AND METHODS: A total of 332 male smokers aged between 30-65 years old, registered for a smoking cessation program in a public health center in a city, were recruited and underwent a baseline survey from January 2010 to February 2011. They were then prospectively randomized to a conventional counseling group (n=165) or a KHRA group (n=167), and received conventional counseling or KHRA-based counseling for six months. Abstinence rates were identified through carbon monoxide measurement (at the 4th and 24th weeks) or urinary cotinine level (at the 12th week). RESULTS: The abstinence rate confirmed by exhaled carbon monoxide was significantly higher in the KHRA group (61.1%) than the control group (49.1%) at the 4th week (absolute difference 12.0%, 95% CI: 1.4%-22.6%). However, there was no difference in abstinence rates between the two groups at the 12th and 24th weeks. The predicting factors of 24 week's smoking cessation success were age, older than 50 years old (OR 2.02, 95% CI: 1.16-3.52), lower Fagerstrom Test for Nicotine Dependence score less than 4 (OR 1.84, 95% CI: 1.03-3.29), and higher Self Efficacy/Temptation score (OR 1.79, 95% CI: 1.05-3.06). CONCLUSIONS: Smoking cessation counseling with KHRA could be effective compared to conventional counseling in the short period of smoking cessation. Further study is needed to evaluate the long-term efficacy of KHRA in tobacco dependence treatment and to establish the indication and target population of this tool.",
  "content": [
    {
      "type": "TEXT",
      "text": "15.12.4963 Effects on Smoking Quit Rate of Telling Smokers their Health Risk Appraisal in Terms of Health Age Asian Pac\n\nBackground: We evaluated whether providing health risk appraisal for Koreans (KHRA) in terms of 'health age' during smoking cessation program would effectively help smokers quit smoking or not. Materials and Methods: A total of 332 male smokers aged between 30-65 years old, registered fora smoking cessation program in a public health center in a city, were recruited and underwent a baseline survey from January 2010 to February 2011. They were then prospectively randomized to a conventional counseling group (n=165) or a KHRA group (n=167), and received conventional counseling or KHRA-based counseling for six months. Abstinence rates were identified through carbon monoxide measurement (at the 4 th and 24 th weeks) or urinary cotinine level (at the 12 th week). Results: The abstinence rate confirmed by exhaled carbon monoxide was significantly higher in the KHRA group (61.1%) than the control group (49.1%) at the 4 th week (absolute difference 12.0%, 95% CI: 1.4%-22.6%). However, there was no difference in abstinence rates between the two groups at the 12th and 24th weeks. The predicting factors of 24 week's smoking cessation success were age, older than 50 years old (OR 2.02, 95% CI: 1.16-3.52), lower Fagerström Test for Nicotine Dependence scoreless than 4 (OR 1.84, 95% CI: 1.03-3.29), and higher Self Efficacy/Temptation score (OR 1.79, 95% CI: 1.05-3.06). Conclusions: Smoking cessation counseling with KHRA could be effective compared to conventional counseling in the short period of smoking cessation. Further study is needed to evaluate the long-term efficacy of KHRA in tobacco dependence treatment and to establish the indication and target population of this tool.\n\nTobacco-related diseases and deaths are preventive. Furthermore, early quit smoking results in longer life compared to continued smoking (. If a smoker quit in his/her 30s', the life expectancy would be the same as those who have never smoked. If smokers quit in their 40s', 50s' or 60s', the smokers could live nine years more, six years more, or three years more, respectively. Therefore, developing effective smoking cessation programs is important to prevent the public from tobacco-related diseases and premature deaths (.\nIn Korea, the first smoking cessation program that the government carried out began in 2004 within 10 regional health centers and the program expanded nationwide in 2005. The Korean smoking prevention program provides six months (eight times) counseling by trained smoking\n\n\n\n\n\n\ncessation professionals to registered smokers and if needed, nicotine replacement therapy(NRT) is additionally provided for six weeks). The nationwide smoking cessation programs and other tobacco control policies in Korea have achieved rapid decrease of male smoking prevalence from almost 80%, the world highest rate in 1980s, to 47.3% in 2011 from the Korea National Health and Nutritional Survey. Since 2006, however, the downward trend of smoking prevalence became slow and in 2010 the prevalence re-increased among the younger generation. In turn, the efforts to improve the likelihood of smokers quitting smoking are most needed.\nAs anew approach, adopted health risk appraisal (HRA) in terms of 'lung age' in order to improve smoking quit rate. The HRA with the concept of \"lung age\" was a psychological tool to show smokers the apparent premature ageing of their lungs. As an intervention, smokers were shown the change of lung Yu-Jin Paek et al Asian Pacific Journal of Cancer Prevention, 4964 function between continued smoking and quit smoking. As a result, 12 months later, 13.6% of smokers in the case group successfully quitted smoking, while only 6.4% of smokers in the controlled group quitted smoking.\nMy Health Age is the Korean HRA (KHRA) and was developed by the Korean Academy of Family Medicine (see Methods section for the detailed introduction of KHRA) We adopted My Health Age to the smoking cessation programs and assessed how it effectively helped to quit smoking.\n\n\n\n\nIn order to participate in the study, smokers had to meet the following criteria: smoking at least 10 cigarettes per day during past month; no current use of antidepressants, antipsychotics, or benzodiazepines; not currently taking psychiatric consult for depression, anxiety, or panic disorder; no heavy alcohol or substance abuse; and no serious medical condition. Male smokers aged 30-65 years old, who had registered in the smoking cessation program of Public Health Center in Anyang City from January 2010 to February 2011 were recruited in this study. After excluding 187 smokers who had refused to participate in the study, 332 male smokers were randomly assigned to either the control or intervention group (Control: 165, Case: 167)). Randomization was conducted using permuted block randomization (block size = 3) to obtain balance between groups.\n\n\nGiven the result of existing research with similar kind of study design () the sample size was calculated to show the difference of quit rate of 15% at Week 24 follow-up between groups. Aiming for statistical power of 80% with alpha set at 0.05 and assuming a dropout rate of 10%, the required number of participants in each group was 160.\n\n\nFor psychometric tools, we employed Fagerström Test for Nicotine Dependence (FTND), Kano Test for Social Nicotine Dependence (KTSND), Minnesota Nicotine Withdrawal Scale (MNWS), Self-Efficacy/Temptation, Kim's Smoking Cessation Motivation Scale (KSCMS), Center for Epidemiological Studies-Depression Scale (CES-D), and Global Assessment of Recent Stress (GARS).\nIn order to examine a successful quitting we interviewed the participants, and measured exhaled CO during their visits in week 4, 12 and 24. Self-reported abstinence rate was estimated by 7-day point prevalence at their visits. To measure exhaled CO of the participants, Micro Medical Baby CO monitor (International Direct, UK) was used. And urine cotinine level was also evaluated during their visit at 12th week. NicCheckTM I was used to measure urine cotinine level (Mossman Associates Inc., USA). Urine cotitine was measured after identification of self-purchase of nicotine products by study subjects to exclude the effect of nicotine patch or gum.\nThe Korean Health Risk Appraisal (KHRA), My Health Age, was developed by the concept based on the Framingham Heart Score and Robbins' method of 'Prospective Medicine'. The principle of 'Prospective Medicine' is that every individual is faced with certain health risks as a member of constituted group; and further that these average risks maybe adjusted to the individual if we know the subject's prognostic characteristics and mortality data of cohorts with similar prognostic characteristics. The KHRA provides death possibility within 10 years and probability distribution of potential development of particular diseases (mainly cardiovascular diseases or lung cancer) after personal health risk factors were entered in the program. In addition, when a risk factor is deleted, the adjusted data are provided. The KHRA is publicly available as a free in the website of Korean Academy of\n\n\nFamily Medicine. This tool was validated by the studies using the data of morbidity and mortality of the National Health Insurance Corporation. Correlation coefficients between predictive mortality and observed mortality were 0.875. The KHRA consists of 80 questions, including 6 questions about lifestyle, 11 questions about health history, 8 questions about family history, 3 questions about each tobacco use and alcohol use, and 9 questions about diet and physical activity.\n\n\nThe control group received conventional counseling that the smoking cessation guideline suggested, while the intervention group was provided KHRA during their visits in the second week and sixth week. We evaluated the difference of smoking quit rates between the case and control groups in the 4 th weeks, 12 th weeks and 24 th weeks.\nThe participants from the both groups had to visit the smoking cessation center in 2, 4, 6, 8, 12, 16, 20, and 24 weeks after the first visit for registration in the program. During the first visit, all participants were asked to complete a self-administrated questionnaire on sociodemographic information, alcohol use, physical activity, medical history, tobacco use, nicotine dependence, quit attempt, stress, depression, etc., and to be measured exhaled CO. Nicotine patch or gum was freely offered to both groups equally up to 6 weeks unless they did not agree with NRT. On the second visit, all participants began to quit smoking.\nA smoking cessation counselor who was solely devoted to consultation with KHRA was trained to give the participants assigned to the intervention group a standardized protocol of KHRA counseling. About 5 minutes explanation with KHRA was provided to motivate the intervention group at second and sixth week. The age difference between their estimated health age and real chronological age was emphasized using pictograms provided by the KHRA tool (). The portion of age difference impacted by smoking behavior was intensively explained to promote the smoker's motivation to quit. Also age benefit by smoking cessation was presented by re-calculating their Health Age using KHRA tool.\n\n\nAnalysis of the data was completed using the Statistical Package for the Social Sciences (SPSS, Chicago, IL, USA). T-test and Chi-squared test were used to analyze the differences of quit smoking rate in the control and case groups. Multivariate logistic regression was used to identify the predicting factors which influence successful quit smoking. The significance level of statistical analysis was 0.05.\n\n\nThis study was executed in compliance with the Declaration of Helsinki and approved by the institutional review boards of Hallym University Sacred Heart Hospital, Hallym Universtiy Medical Center. shows the baseline characteristics of the intervention and control groups. There were no differences in age, height and weight. Alcohol use and exercise in the both groups were also similar. In addition, the both group have smoked in average more than 28 years. However, participants in the intervention group smoke more cigarettes per day with 22.5 (±8.8) cigarettes compared to 20.6 (±7.1) cigarettes. Educational level, monthly income, medical history and previous quit attempt were not\n\n\n\n\nstatistically different in the both groups. The psychometric properties, such as FTND, CES-D, GARS, KTSND, KSCMS, SET, and MNWS, of the both groups were also not statistically different. The intervention group visited the clinic 5.4 (±2.6) times in average, while the control group did 4.9 (±2.6) times in average. The difference was not statistically significant (p<0.082). NRT was used in average 4.0 (±2.0) times in the control group and was used in average 4.3(±1.8) times in the intervention group. This difference was also not statistically significant (p<0.103). shows smoking cessation rates in the intervention and control groups. The rates were obtained by self-reported questionnaire and validated data, such as exhaled CO (at week 4 and 24) and urinary cotinine (at week 12). At 4-week follow-up, we found from self-reported questionnaire that 67.9% quit rate among the control group and 77.8% among the intervention group. There was 9.9% (95% CI: 0.5-19.5%) difference between two groups. The validated data with exhaled CO shows that 49.1% of the control group successfully quitted, while 61.1% of the intervention group did. The intervention group with KHRA had 12.0% (95% CI: 1.4-22.6%) higher quit rate and the difference was statistically significant. At 12-week follow-up, 51.5% of the control group answered that they quitted smoking, while 58.1% of the case group did that. However, according to the validated test with urinary cotinine, 23.0% of the control group successfully quitted, while 28.1% of the intervention group did. The difference was not statistically significant. At 24-week follow-up, 44.2% of the control group said that they quitted smoking, while 47.9% of the intervention group did. However, according to the validated test with exhaled CO measurement, only 17.6% of the control group successfully quitted, while 21.6% of the intervention group did. The difference was also not statistically significant. shows the predictors of successful quitting (based on validated data). At 4-week follow-up, age over 50 years old (OR 1.38, 95% CI: 0.78-2.44), KHRA (OR 1.66, 95% CI: 1.02-2.71), middle range of KSCMS score (OR 2.18, 95% CI: 1.16-4.09), higher SET score (OR 3.04, 95% CI: 1.66-5.55), lower KTSND (OR 2.50, 95% CI: 1.30-4.77), higher educational level (OR 0.47, 95% CI: 0.26-0.87) and NRT over 4 weeks (OR 2.62, 95% CI: 1.55-4.40) were associated with successful quitting. At 12-week follow-up, age over 50 years old (OR 2.72, 95% CI: 1.54-4.79), lower FTND score (OR 1.84, 95% CI: 1.15-3.63), higher SET score (OR 1.89, 95% CI: 1.05-3.06) were associated with successful quitting. At 24-week follow-up, age over 50 years old (OR 2.02, 95% CI: 1.16-3.52), lower FTND score (OR 1.84, 95% CI: 1.03-3.29), higher SET score (OR 1.79, 95% CI: 1.05-3.06) were associated with successful quitting.\n\n\nThe current male smoking prevalence in South Korea is 47.3% as of 2011, thus developing effective smoking cessation program is essential for better tobacco control in Korea. We applied KHRA to the current smoking cessation program, which is mainly focusing on counseling, and *Analysis involving the participants who were both available and lost at follow-up; **Validated by exhaled CO measurement (at week 4, and 24) and urinary cotinine (at week 12); The average number of cigarettes smoked per day was controlled due to the mean difference between two groups; Self-reported abstinence rate was based on the 7-day point prevalence  found that KHRA was effective in short term (4-week follow-up), however, it was not in longer terms, such as 12-week and 24-week follow-ups.\nOur finding was similar with the existing literature. Biomedical risk assessment, including exhaled CO, lung function, and lung cancer sensitivity, was often employed for smoking cessation program, however, the approach did not make difference in the rate of successful quitting after six months ().\nA previous study found that the intervention group who had been measured exhaled CO during the cessation clinic and measured it again after 6 months was 1.06 times more likely to quit smoking compared to those who were not offered the measurement. However, the difference was not statistically significant (95% CI: 0.85-1.32) (). Other studies also found that using spirometry to test lung function was not effective (95% CI: 0.77-1.81) (. Another study which employed artery sonography in order to show smokers their plague into the carotid artery and femoral artery found that the case group who showed plague was 2.77 times more likely to quit compared to the control group and the difference was statistically significant). In turn, a second larger study of a similar feedback mechanism did not detect evidence of an effect). Meanwhile, who adopted HRA to improve smoking quit rate found that the HRA with the concept of \"lung age\" was effective. The effects of smoking cessation counseling using biomedical aids were controversial according to different study designs. The study of a structured motivational intervention using spirometry information in the primary care setting is now underway to determine its effectiveness).\nBased on Parkes's study design, we developed this present study with KHRA and the results suggested that KHRA for smoking cessation program was effective only for short term. The possible explanation that KHRA was not effective for long term cessation can be number of intervention and time of intervention provided. KHRA was provided to the participants on the second and sixth week visits, therefore, KHRA was effective shortly in the fourth week and may have been effective in the eighth week. More frequent and continuous booster intervention with KHRA may improve smoking cessation rates during the long-term follow-up.\nOf course, there are fundamental differences between our study and Parkes's study. The participants in the Parkes's study were recruited from five general practices and were not specifically motivated to quit. On the contrary, our study took people who were all motivated to quit and visited smoking cessation clinic voluntarily. So, the impact of KHRA maybe lessened in our study subjects as they were already motivated to quit smoking compared to those of the Parkes's study. Further study is needed to evaluate the long-term efficacy of KHRA in tobacco dependence treatment and to establish the indication and target population of this tool.\nMeanwhile, we found that those over the age of 50 years old, lower FTND and higher SET score were the predicting factors for the 24 weeks smoking cessation success. Based on this finding we should focus on current smokers aged 50 years or younger, those who have higher FTND and those who have lower SET score to decrease the men's smoking prevalence in Korea.\nIn age-subgroup analysis among the participants aged over 50 years old, the intervention group showed better smoking cessation compared to the control group. Most smokers aged over 50 years old experienced that KHRA showed older age compared to their actual age, thus, the group effectively responded to the KHRA.\nThere are caveats to the study. Firstly, we hypothesized successful smoking cessation rate of the intervention group to 30% and 15% for the control group. Based on the hypothesis, we needed 163 participants for each group as the proper sample size. However, the difference of smoking cessation rate was about 10% which means that we needed at least 356 participants for each group. This smaller sample size may have affected the results. Secondly, we excluded female smokers because there were not many registered female smokers in the smoking cessation clinic. Therefore, the finding should not be applied to female smokers. Further study is needed to target female smokers. Finally, we could not measure biomarkers for all the participants because there were some participants who did not visit the center for the measurement. So we called them and used their selfreported records of successful quitting for the analysis.\nIn conclusions, given the re-increased smoking prevalence, in particular, among men in Korea, it is essential to develop a better intervention in order to increase successful quitting. We adopted KHRA for the smoking cessation program in a public health center and found that the smoking cessation program with HRA was effective for successful quitting. However, it was only effective short term. Further efforts and study are needed to improve the effectiveness of the smoking cessation program with HRA.",
      "page": 1
    },
    {
      "type": "TABLE",
      "cells": [
        {
          "value": "55 (35.0)",
          "rowHeaders": [
            "Low (US$2,000 or less)"
          ],
          "columnHeaders": [
            "Table 1. Baseline Characteristics of Study Groups",
            "Control group",
            "(n=165)",
            "45.3±8.7",
            "171.8±5.8",
            "72.3±9.7",
            "120.6±12.0",
            "Diastolic Blood Pressure (mmHg)",
            "2.1±1.2",
            "3.1±1.6",
            "26.5±7.8",
            "20.6±7.1"
          ]
        },
        {
          "value": "44 (27.3)",
          "rowHeaders": [
            "Middle (US$2,010-4,990)"
          ],
          "columnHeaders": [
            "Table 1. Baseline Characteristics of Study Groups",
            "Intervention group",
            "(n=167)",
            "45.6±8.5",
            "172.4±4.8",
            "71.2±11.1",
            "121.8±14.8",
            "80.7±5.5",
            "2.2±1.3",
            "3.0±1.6",
            "26.8±8.7",
            "22.5±8.8"
          ]
        },
        {
          "value": "22 (14.0)",
          "rowHeaders": [
            "Low (US$2,000 or less)"
          ],
          "columnHeaders": [
            "Table 1. Baseline Characteristics of Study Groups",
            "Control group",
            "(n=165)",
            "45.3±8.7",
            "171.8±5.8",
            "72.3±9.7",
            "120.6±12.0",
            "Diastolic Blood Pressure (mmHg)",
            "2.1±1.2",
            "3.1±1.6",
            "26.5±7.8",
            "20.6±7.1"
          ]
        },
        {
          "value": "23 (14.3)",
          "rowHeaders": [
            "Middle (US$2,010-4,990)"
          ],
          "columnHeaders": [
            "Table 1. Baseline Characteristics of Study Groups",
            "Intervention group",
            "(n=167)",
            "45.6±8.5",
            "172.4±4.8",
            "71.2±11.1",
            "121.8±14.8",
            "80.7±5.5",
            "2.2±1.3",
            "3.0±1.6",
            "26.8±8.7",
            "22.5±8.8"
          ]
        },
        {
          "value": "80 (51.0)",
          "rowHeaders": [
            "University or more"
          ],
          "columnHeaders": [
            "Table 1. Baseline Characteristics of Study Groups",
            "Control group",
            "(n=165)",
            "45.3±8.7",
            "171.8±5.8",
            "72.3±9.7",
            "120.6±12.0",
            "Diastolic Blood Pressure (mmHg)",
            "2.1±1.2",
            "3.1±1.6",
            "26.5±7.8",
            "20.6±7.1"
          ]
        },
        {
          "value": "94 (58.4)",
          "rowHeaders": [
            "University or more"
          ],
          "columnHeaders": [
            "Table 1. Baseline Characteristics of Study Groups",
            "Intervention group",
            "(n=167)",
            "45.6±8.5",
            "172.4±4.8",
            "71.2±11.1",
            "121.8±14.8",
            "80.7±5.5",
            "2.2±1.3",
            "3.0±1.6",
            "26.8±8.7",
            "22.5±8.8"
          ]
        },
        {
          "value": "29 (24.6)",
          "rowHeaders": [
            "Low (US$2,000 or less)"
          ],
          "columnHeaders": [
            "Table 1. Baseline Characteristics of Study Groups",
            "Control group",
            "(n=165)",
            "45.3±8.7",
            "171.8±5.8",
            "72.3±9.7",
            "120.6±12.0",
            "Diastolic Blood Pressure (mmHg)",
            "2.1±1.2",
            "3.1±1.6",
            "26.5±7.8",
            "20.6±7.1"
          ]
        },
        {
          "value": "20 (16.9)",
          "rowHeaders": [
            "Low (US$2,000 or less)"
          ],
          "columnHeaders": [
            "Table 1. Baseline Characteristics of Study Groups",
            "Intervention group",
            "(n=167)",
            "45.6±8.5",
            "172.4±4.8",
            "71.2±11.1",
            "121.8±14.8",
            "80.7±5.5",
            "2.2±1.3",
            "3.0±1.6",
            "26.8±8.7",
            "22.5±8.8"
          ]
        },
        {
          "value": "66 (55.9)",
          "rowHeaders": [
            "Middle (US$2,010-4,990)"
          ],
          "columnHeaders": [
            "Table 1. Baseline Characteristics of Study Groups",
            "Control group",
            "(n=165)",
            "45.3±8.7",
            "171.8±5.8",
            "72.3±9.7",
            "120.6±12.0",
            "Diastolic Blood Pressure (mmHg)",
            "2.1±1.2",
            "3.1±1.6",
            "26.5±7.8",
            "20.6±7.1"
          ]
        },
        {
          "value": "64 (54.2)",
          "rowHeaders": [
            "Middle (US$2,010-4,990)"
          ],
          "columnHeaders": [
            "Table 1. Baseline Characteristics of Study Groups",
            "Intervention group",
            "(n=167)",
            "45.6±8.5",
            "172.4±4.8",
            "71.2±11.1",
            "121.8±14.8",
            "80.7±5.5",
            "2.2±1.3",
            "3.0±1.6",
            "26.8±8.7",
            "22.5±8.8"
          ]
        },
        {
          "value": "23 (19.5)",
          "rowHeaders": [
            "High (US$5,000 or more)"
          ],
          "columnHeaders": [
            "Table 1. Baseline Characteristics of Study Groups",
            "Control group",
            "(n=165)",
            "45.3±8.7",
            "171.8±5.8",
            "72.3±9.7",
            "120.6±12.0",
            "Diastolic Blood Pressure (mmHg)",
            "2.1±1.2",
            "3.1±1.6",
            "26.5±7.8",
            "20.6±7.1"
          ]
        },
        {
          "value": "34 (28.8)",
          "rowHeaders": [
            "High (US$5,000 or more)"
          ],
          "columnHeaders": [
            "Table 1. Baseline Characteristics of Study Groups",
            "Intervention group",
            "(n=167)",
            "45.6±8.5",
            "172.4±4.8",
            "71.2±11.1",
            "121.8±14.8",
            "80.7±5.5",
            "2.2±1.3",
            "3.0±1.6",
            "26.8±8.7",
            "22.5±8.8"
          ]
        },
        {
          "value": "36 (21.8)",
          "rowHeaders": [
            "Yes"
          ],
          "columnHeaders": [
            "Table 1. Baseline Characteristics of Study Groups",
            "Control group",
            "(n=165)",
            "45.3±8.7",
            "171.8±5.8",
            "72.3±9.7",
            "120.6±12.0",
            "Diastolic Blood Pressure (mmHg)",
            "2.1±1.2",
            "3.1±1.6",
            "26.5±7.8",
            "20.6±7.1"
          ]
        },
        {
          "value": "34 (20.4)",
          "rowHeaders": [
            "Yes"
          ],
          "columnHeaders": [
            "Table 1. Baseline Characteristics of Study Groups",
            "Intervention group",
            "(n=167)",
            "45.6±8.5",
            "172.4±4.8",
            "71.2±11.1",
            "121.8±14.8",
            "80.7±5.5",
            "2.2±1.3",
            "3.0±1.6",
            "26.8±8.7",
            "22.5±8.8"
          ]
        },
        {
          "value": "67 (43.8)",
          "rowHeaders": [
            "Yes"
          ],
          "columnHeaders": [
            "Table 1. Baseline Characteristics of Study Groups",
            "Control group",
            "(n=165)",
            "45.3±8.7",
            "171.8±5.8",
            "72.3±9.7",
            "120.6±12.0",
            "Diastolic Blood Pressure (mmHg)",
            "2.1±1.2",
            "3.1±1.6",
            "26.5±7.8",
            "20.6±7.1",
            "129 (78.2)"
          ]
        },
        {
          "value": "63 (39.4)",
          "rowHeaders": [
            "Yes"
          ],
          "columnHeaders": [
            "Table 1. Baseline Characteristics of Study Groups",
            "Intervention group",
            "(n=167)",
            "45.6±8.5",
            "172.4±4.8",
            "71.2±11.1",
            "121.8±14.8",
            "80.7±5.5",
            "2.2±1.3",
            "3.0±1.6",
            "26.8±8.7",
            "22.5±8.8",
            "133 (79.6)"
          ]
        },
        {
          "value": "86 (56.2)",
          "rowHeaders": [
            "No"
          ],
          "columnHeaders": [
            "Table 1. Baseline Characteristics of Study Groups",
            "Control group",
            "(n=165)",
            "45.3±8.7",
            "171.8±5.8",
            "72.3±9.7",
            "120.6±12.0",
            "Diastolic Blood Pressure (mmHg)",
            "2.1±1.2",
            "3.1±1.6",
            "26.5±7.8",
            "20.6±7.1",
            "129 (78.2)"
          ]
        },
        {
          "value": "97 (60.6)",
          "rowHeaders": [
            "No"
          ],
          "columnHeaders": [
            "Table 1. Baseline Characteristics of Study Groups",
            "Intervention group",
            "(n=167)",
            "45.6±8.5",
            "172.4±4.8",
            "71.2±11.1",
            "121.8±14.8",
            "80.7±5.5",
            "2.2±1.3",
            "3.0±1.6",
            "26.8±8.7",
            "22.5±8.8",
            "133 (79.6)"
          ]
        }
      ],
      "page": 1
    },
    {
      "type": "TABLE",
      "cells": [
        {
          "value": "67.9",
          "rowHeaders": [
            "Self-reported rate"
          ],
          "columnHeaders": [
            "Table 2. Comparison of Smoking Cessation Rates",
            "Smoking cessation",
            "rates (%)",
            "Control",
            "group"
          ]
        },
        {
          "value": "77.8",
          "rowHeaders": [
            "Self-reported rate"
          ],
          "columnHeaders": [
            "Table 2. Comparison of Smoking Cessation Rates",
            "Smoking cessation",
            "rates (%)",
            "Intervention",
            "group"
          ]
        },
        {
          "value": "9.9",
          "rowHeaders": [
            "Self-reported rate"
          ],
          "columnHeaders": [
            "Table 2. Comparison of Smoking Cessation Rates",
            "Difference",
            "(%)",
            "Intervention",
            "group"
          ]
        },
        {
          "value": "49.1",
          "rowHeaders": [
            "Validated rate",
            "**"
          ],
          "columnHeaders": [
            "Table 2. Comparison of Smoking Cessation Rates",
            "Smoking cessation",
            "rates (%)",
            "Control",
            "group"
          ]
        },
        {
          "value": "61.1",
          "rowHeaders": [
            "Validated rate",
            "**"
          ],
          "columnHeaders": [
            "Table 2. Comparison of Smoking Cessation Rates",
            "Smoking cessation",
            "rates (%)",
            "Intervention",
            "group"
          ]
        },
        {
          "value": "12.0",
          "rowHeaders": [
            "Validated rate",
            "**"
          ],
          "columnHeaders": [
            "Table 2. Comparison of Smoking Cessation Rates",
            "Difference",
            "(%)",
            "Intervention",
            "group"
          ]
        },
        {
          "value": "51.5",
          "rowHeaders": [
            "Self-reported rate"
          ],
          "columnHeaders": [
            "Table 2. Comparison of Smoking Cessation Rates",
            "Smoking cessation",
            "rates (%)",
            "Control",
            "group"
          ]
        },
        {
          "value": "58.1",
          "rowHeaders": [
            "Self-reported rate"
          ],
          "columnHeaders": [
            "Table 2. Comparison of Smoking Cessation Rates",
            "Smoking cessation",
            "rates (%)",
            "Intervention",
            "group"
          ]
        },
        {
          "value": "6.6",
          "rowHeaders": [
            "Self-reported rate"
          ],
          "columnHeaders": [
            "Table 2. Comparison of Smoking Cessation Rates",
            "Difference",
            "(%)",
            "Intervention",
            "group"
          ]
        },
        {
          "value": "23.0",
          "rowHeaders": [
            "Validated rate",
            "**"
          ],
          "columnHeaders": [
            "Table 2. Comparison of Smoking Cessation Rates",
            "Smoking cessation",
            "rates (%)",
            "Control",
            "group"
          ]
        },
        {
          "value": "28.1",
          "rowHeaders": [
            "Validated rate",
            "**"
          ],
          "columnHeaders": [
            "Table 2. Comparison of Smoking Cessation Rates",
            "Smoking cessation",
            "rates (%)",
            "Intervention",
            "group"
          ]
        },
        {
          "value": "5.1",
          "rowHeaders": [
            "Validated rate",
            "**"
          ],
          "columnHeaders": [
            "Table 2. Comparison of Smoking Cessation Rates",
            "Difference",
            "(%)",
            "Intervention",
            "group"
          ]
        },
        {
          "value": "44.2",
          "rowHeaders": [
            "Self-reported rate"
          ],
          "columnHeaders": [
            "Table 2. Comparison of Smoking Cessation Rates",
            "Smoking cessation",
            "rates (%)",
            "Control",
            "group"
          ]
        },
        {
          "value": "47.9",
          "rowHeaders": [
            "Self-reported rate"
          ],
          "columnHeaders": [
            "Table 2. Comparison of Smoking Cessation Rates",
            "Smoking cessation",
            "rates (%)",
            "Intervention",
            "group"
          ]
        },
        {
          "value": "5.7",
          "rowHeaders": [
            "Self-reported rate"
          ],
          "columnHeaders": [
            "Table 2. Comparison of Smoking Cessation Rates",
            "Difference",
            "(%)",
            "Intervention",
            "group"
          ]
        },
        {
          "value": "17.6",
          "rowHeaders": [
            "Validated rate",
            "**"
          ],
          "columnHeaders": [
            "Table 2. Comparison of Smoking Cessation Rates",
            "Smoking cessation",
            "rates (%)",
            "Control",
            "group"
          ]
        },
        {
          "value": "21.6",
          "rowHeaders": [
            "Validated rate",
            "**"
          ],
          "columnHeaders": [
            "Table 2. Comparison of Smoking Cessation Rates",
            "Smoking cessation",
            "rates (%)",
            "Intervention",
            "group"
          ]
        },
        {
          "value": "4.0",
          "rowHeaders": [
            "Validated rate",
            "**"
          ],
          "columnHeaders": [
            "Table 2. Comparison of Smoking Cessation Rates",
            "Difference",
            "(%)",
            "Intervention",
            "group"
          ]
        },
        {
          "value": "1.38 (0.78-2.44)",
          "rowHeaders": [
            "40-49"
          ],
          "columnHeaders": [
            "Table 2. Comparison of Smoking Cessation Rates",
            "Time of follow-up",
            "rates (%)",
            "Control",
            "group",
            "Week 4",
            "OR (95% CI)"
          ]
        },
        {
          "value": "1.30 (0.76-2.23)",
          "rowHeaders": [
            "40-49",
            "**"
          ],
          "columnHeaders": [
            "Table 2. Comparison of Smoking Cessation Rates",
            "Smoking cessation",
            "rates (%)",
            "Intervention",
            "group",
            "Week 12",
            "OR (95% CI)"
          ]
        },
        {
          "value": "1.26 (0.73-2.18)",
          "rowHeaders": [
            "40-49",
            "**"
          ],
          "columnHeaders": [
            "Table 2. Comparison of Smoking Cessation Rates",
            "Difference",
            "(%)",
            "Intervention",
            "group",
            "Week 24",
            "OR (95% CI)"
          ]
        },
        {
          "value": "3.20 (1.66-6.15)",
          "rowHeaders": [
            "≥50"
          ],
          "columnHeaders": [
            "Table 2. Comparison of Smoking Cessation Rates",
            "Time of follow-up",
            "rates (%)",
            "Control",
            "group",
            "Week 4",
            "OR (95% CI)",
            "Ref"
          ]
        },
        {
          "value": "2.72 (1.54-4.79)",
          "rowHeaders": [
            "≥50",
            "**"
          ],
          "columnHeaders": [
            "Table 2. Comparison of Smoking Cessation Rates",
            "Smoking cessation",
            "rates (%)",
            "Intervention",
            "group",
            "Week 12",
            "OR (95% CI)",
            "Ref"
          ]
        },
        {
          "value": "2.02 (1.16-3.52)",
          "rowHeaders": [
            "≥50",
            "**"
          ],
          "columnHeaders": [
            "Table 2. Comparison of Smoking Cessation Rates",
            "Difference",
            "(%)",
            "Intervention",
            "group",
            "Week 24",
            "OR (95% CI)",
            "Ref"
          ]
        },
        {
          "value": "0.47 (0.21-1.06)",
          "rowHeaders": [
            "≥50"
          ],
          "columnHeaders": [
            "Table 2. Comparison of Smoking Cessation Rates",
            "Time of follow-up",
            "rates (%)",
            "Control",
            "group",
            "Week 4",
            "OR (95% CI)",
            "Ref",
            "Ref"
          ]
        },
        {
          "value": "0.58 (0.28-1.18)",
          "rowHeaders": [
            "40-49",
            "**"
          ],
          "columnHeaders": [
            "Table 2. Comparison of Smoking Cessation Rates",
            "Smoking cessation",
            "rates (%)",
            "Intervention",
            "group",
            "Week 12",
            "OR (95% CI)",
            "Ref",
            "Ref"
          ]
        },
        {
          "value": "0.87 (0.43-1.76)",
          "rowHeaders": [
            "40-49",
            "**"
          ],
          "columnHeaders": [
            "Table 2. Comparison of Smoking Cessation Rates",
            "Difference",
            "(%)",
            "Intervention",
            "group",
            "Week 24",
            "OR (95% CI)",
            "Ref",
            "Ref"
          ]
        },
        {
          "value": "0.47 (0.26-0.87)",
          "rowHeaders": [
            "4-6"
          ],
          "columnHeaders": [
            "Table 2. Comparison of Smoking Cessation Rates",
            "Time of follow-up",
            "rates (%)",
            "Control",
            "group",
            "Week 4",
            "OR (95% CI)",
            "Ref",
            "Ref"
          ]
        },
        {
          "value": "0.72 (0.44-1.19)",
          "rowHeaders": [
            "4-6",
            "**"
          ],
          "columnHeaders": [
            "Table 2. Comparison of Smoking Cessation Rates",
            "Smoking cessation",
            "rates (%)",
            "Intervention",
            "group",
            "Week 12",
            "OR (95% CI)",
            "Ref",
            "Ref"
          ]
        },
        {
          "value": "0.96 (0.58-1.57)",
          "rowHeaders": [
            "Middle",
            "**"
          ],
          "columnHeaders": [
            "Table 2. Comparison of Smoking Cessation Rates",
            "Difference",
            "(%)",
            "Intervention",
            "group",
            "Week 24",
            "OR (95% CI)",
            "Ref",
            "Ref"
          ]
        },
        {
          "value": "1.31 (0.72-2.35)",
          "rowHeaders": [
            "4-6"
          ],
          "columnHeaders": [
            "Table 2. Comparison of Smoking Cessation Rates",
            "Time of follow-up",
            "rates (%)",
            "Control",
            "group",
            "Week 4",
            "OR (95% CI)",
            "Ref",
            "Ref"
          ]
        },
        {
          "value": "1.88 (1.09-3.24)",
          "rowHeaders": [
            "4-6",
            "**"
          ],
          "columnHeaders": [
            "Table 2. Comparison of Smoking Cessation Rates",
            "Smoking cessation",
            "rates (%)",
            "Intervention",
            "group",
            "Week 12",
            "OR (95% CI)",
            "Ref",
            "Ref"
          ]
        },
        {
          "value": "1.39 (0.80-2.41)",
          "rowHeaders": [
            "4-6",
            "**"
          ],
          "columnHeaders": [
            "Table 2. Comparison of Smoking Cessation Rates",
            "Difference",
            "(%)",
            "Intervention",
            "group",
            "Week 24",
            "OR (95% CI)",
            "Ref",
            "Ref"
          ]
        },
        {
          "value": "1.46 (0.77-2.76)",
          "rowHeaders": [
            "1-3"
          ],
          "columnHeaders": [
            "Table 2. Comparison of Smoking Cessation Rates",
            "Time of follow-up",
            "rates (%)",
            "Control",
            "group",
            "Week 4",
            "OR (95% CI)",
            "Ref",
            "Ref",
            "Ref"
          ]
        },
        {
          "value": "1.84 (1.03-3.29)",
          "rowHeaders": [
            "1-3",
            "**"
          ],
          "columnHeaders": [
            "Table 2. Comparison of Smoking Cessation Rates",
            "Smoking cessation",
            "rates (%)",
            "Intervention",
            "group",
            "Week 12",
            "OR (95% CI)",
            "Ref",
            "Ref",
            "Ref"
          ]
        },
        {
          "value": "1.84 (1.03-3.29)",
          "rowHeaders": [
            "1-3",
            "**"
          ],
          "columnHeaders": [
            "Table 2. Comparison of Smoking Cessation Rates",
            "Difference",
            "(%)",
            "Intervention",
            "group",
            "Week 24",
            "OR (95% CI)",
            "Ref",
            "Ref",
            "Ref"
          ]
        },
        {
          "value": "2.18 (1.16-4.09)",
          "rowHeaders": [
            "Middle"
          ],
          "columnHeaders": [
            "Table 2. Comparison of Smoking Cessation Rates",
            "Time of follow-up",
            "rates (%)",
            "Control",
            "group",
            "Week 4",
            "OR (95% CI)",
            "Ref",
            "Ref",
            "Ref"
          ]
        },
        {
          "value": "2.04 (1.15-3.63)",
          "rowHeaders": [
            "Middle",
            "**"
          ],
          "columnHeaders": [
            "Table 2. Comparison of Smoking Cessation Rates",
            "Smoking cessation",
            "rates (%)",
            "Intervention",
            "group",
            "Week 12",
            "OR (95% CI)",
            "Ref",
            "Ref",
            "Ref"
          ]
        },
        {
          "value": "1.78 (1.00-3.18)",
          "rowHeaders": [
            "Middle",
            "**"
          ],
          "columnHeaders": [
            "Table 2. Comparison of Smoking Cessation Rates",
            "Difference",
            "(%)",
            "Intervention",
            "group",
            "Week 24",
            "OR (95% CI)",
            "Ref",
            "Ref",
            "Ref"
          ]
        },
        {
          "value": "1.74 (0.97-3.13)",
          "rowHeaders": [
            "High"
          ],
          "columnHeaders": [
            "Table 2. Comparison of Smoking Cessation Rates",
            "Time of follow-up",
            "rates (%)",
            "Control",
            "group",
            "Week 4",
            "OR (95% CI)",
            "Ref",
            "Ref",
            "Ref",
            "Ref"
          ]
        },
        {
          "value": "1.44 (0.83-2.50)",
          "rowHeaders": [
            "High",
            "**"
          ],
          "columnHeaders": [
            "Table 2. Comparison of Smoking Cessation Rates",
            "Smoking cessation",
            "rates (%)",
            "Intervention",
            "group",
            "Week 12",
            "OR (95% CI)",
            "Ref",
            "Ref",
            "Ref",
            "Ref"
          ]
        },
        {
          "value": "1.67 (0.95-2.92)",
          "rowHeaders": [
            "High",
            "**"
          ],
          "columnHeaders": [
            "Table 2. Comparison of Smoking Cessation Rates",
            "Difference",
            "(%)",
            "Intervention",
            "group",
            "Week 24",
            "OR (95% CI)",
            "Ref",
            "Ref",
            "Ref",
            "Ref"
          ]
        },
        {
          "value": "3.07 (1.60-5.91)",
          "rowHeaders": [
            "Middle"
          ],
          "columnHeaders": [
            "Table 2. Comparison of Smoking Cessation Rates",
            "Time of follow-up",
            "rates (%)",
            "Control",
            "group",
            "Week 4",
            "OR (95% CI)",
            "Ref",
            "Ref",
            "Ref",
            "Ref"
          ]
        },
        {
          "value": "1.65 (0.94-2.91)",
          "rowHeaders": [
            "Middle",
            "**"
          ],
          "columnHeaders": [
            "Table 2. Comparison of Smoking Cessation Rates",
            "Smoking cessation",
            "rates (%)",
            "Intervention",
            "group",
            "Week 12",
            "OR (95% CI)",
            "Ref",
            "Ref",
            "Ref",
            "Ref"
          ]
        },
        {
          "value": "1.44 (0.81-2.54)",
          "rowHeaders": [
            "Middle",
            "**"
          ],
          "columnHeaders": [
            "Table 2. Comparison of Smoking Cessation Rates",
            "Difference",
            "(%)",
            "Intervention",
            "group",
            "Week 24",
            "OR (95% CI)",
            "Ref",
            "Ref",
            "Ref",
            "Ref"
          ]
        },
        {
          "value": "3.04 (1.66-5.55)",
          "rowHeaders": [
            "High"
          ],
          "columnHeaders": [
            "Table 2. Comparison of Smoking Cessation Rates",
            "Time of follow-up",
            "rates (%)",
            "Control",
            "group",
            "Week 4",
            "OR (95% CI)",
            "Ref",
            "Ref",
            "Ref",
            "Ref",
            "Ref"
          ]
        },
        {
          "value": "1.79 (1.05-3.06)",
          "rowHeaders": [
            "High",
            "**",
            "1.89(1.10-3.22)"
          ],
          "columnHeaders": [
            "Table 2. Comparison of Smoking Cessation Rates",
            "Difference",
            "(%)",
            "Intervention",
            "group",
            "Week 24",
            "OR (95% CI)",
            "Ref",
            "Ref",
            "Ref",
            "Ref",
            "Ref"
          ]
        },
        {
          "value": "1.57 (0.89-2.77)",
          "rowHeaders": [
            "Middle"
          ],
          "columnHeaders": [
            "Table 2. Comparison of Smoking Cessation Rates",
            "Time of follow-up",
            "rates (%)",
            "Control",
            "group",
            "Week 4",
            "OR (95% CI)",
            "Ref",
            "Ref",
            "Ref",
            "Ref",
            "Ref"
          ]
        },
        {
          "value": "1.07 (0.63-1.81)",
          "rowHeaders": [
            "Middle",
            "**"
          ],
          "columnHeaders": [
            "Table 2. Comparison of Smoking Cessation Rates",
            "Smoking cessation",
            "rates (%)",
            "Intervention",
            "group",
            "Week 12",
            "OR (95% CI)",
            "Ref",
            "Ref",
            "Ref",
            "Ref",
            "Ref"
          ]
        },
        {
          "value": "0.71 (0.42-1.21)",
          "rowHeaders": [
            "Middle",
            "**"
          ],
          "columnHeaders": [
            "Table 2. Comparison of Smoking Cessation Rates",
            "Difference",
            "(%)",
            "Intervention",
            "group",
            "Week 24",
            "OR (95% CI)",
            "Ref",
            "Ref",
            "Ref",
            "Ref",
            "Ref"
          ]
        },
        {
          "value": "2.50 (1.30-4.77)",
          "rowHeaders": [
            "Low"
          ],
          "columnHeaders": [
            "Table 2. Comparison of Smoking Cessation Rates",
            "Time of follow-up",
            "rates (%)",
            "Control",
            "group",
            "Week 4",
            "OR (95% CI)",
            "Ref",
            "Ref",
            "Ref",
            "Ref",
            "Ref",
            "Ref"
          ]
        },
        {
          "value": "1.51 (0.86-2.66)",
          "rowHeaders": [
            "Low",
            "**"
          ],
          "columnHeaders": [
            "Table 2. Comparison of Smoking Cessation Rates",
            "Smoking cessation",
            "rates (%)",
            "Intervention",
            "group",
            "Week 12",
            "OR (95% CI)",
            "Ref",
            "Ref",
            "Ref",
            "Ref",
            "Ref",
            "Ref"
          ]
        },
        {
          "value": "0.93 (0.53-1.63)",
          "rowHeaders": [
            "Low",
            "**"
          ],
          "columnHeaders": [
            "Table 2. Comparison of Smoking Cessation Rates",
            "Difference",
            "(%)",
            "Intervention",
            "group",
            "Week 24",
            "OR (95% CI)",
            "Ref",
            "Ref",
            "Ref",
            "Ref",
            "Ref",
            "Ref"
          ]
        },
        {
          "value": "1.07 (0.45-2.55)",
          "rowHeaders": [
            "High (≥25)"
          ],
          "columnHeaders": [
            "Table 2. Comparison of Smoking Cessation Rates",
            "Time of follow-up",
            "rates (%)",
            "Control",
            "group",
            "Week 4",
            "OR (95% CI)",
            "Ref",
            "Ref",
            "Ref",
            "Ref",
            "Ref",
            "Ref"
          ]
        },
        {
          "value": "1.13 (0.51-2.49)",
          "rowHeaders": [
            "High (≥25)",
            "**"
          ],
          "columnHeaders": [
            "Table 2. Comparison of Smoking Cessation Rates",
            "Smoking cessation",
            "rates (%)",
            "Intervention",
            "group",
            "Week 12",
            "OR (95% CI)",
            "Ref",
            "Ref",
            "Ref",
            "Ref",
            "Ref",
            "Ref"
          ]
        },
        {
          "value": "1.46 (0.64-3.29)",
          "rowHeaders": [
            "High (≥25)",
            "**"
          ],
          "columnHeaders": [
            "Table 2. Comparison of Smoking Cessation Rates",
            "Difference",
            "(%)",
            "Intervention",
            "group",
            "Week 24",
            "OR (95% CI)",
            "Ref",
            "Ref",
            "Ref",
            "Ref",
            "Ref",
            "Ref"
          ]
        },
        {
          "value": "1.10 (0.58-2.11)",
          "rowHeaders": [
            "Middle"
          ],
          "columnHeaders": [
            "Table 2. Comparison of Smoking Cessation Rates",
            "Time of follow-up",
            "rates (%)",
            "Control",
            "group",
            "Week 4",
            "OR (95% CI)",
            "Ref",
            "Ref",
            "Ref",
            "Ref",
            "Ref",
            "Ref",
            "Ref"
          ]
        },
        {
          "value": "1.17 (0.66-2.07)",
          "rowHeaders": [
            "Middle",
            "**"
          ],
          "columnHeaders": [
            "Table 2. Comparison of Smoking Cessation Rates",
            "Smoking cessation",
            "rates (%)",
            "Intervention",
            "group",
            "Week 12",
            "OR (95% CI)",
            "Ref",
            "Ref",
            "Ref",
            "Ref",
            "Ref",
            "Ref",
            "Ref"
          ]
        },
        {
          "value": "1.08 (0.61-1.90)",
          "rowHeaders": [
            "Middle",
            "**"
          ],
          "columnHeaders": [
            "Table 2. Comparison of Smoking Cessation Rates",
            "Difference",
            "(%)",
            "Intervention",
            "group",
            "Week 24",
            "OR (95% CI)",
            "Ref",
            "Ref",
            "Ref",
            "Ref",
            "Ref",
            "Ref",
            "Ref"
          ]
        },
        {
          "value": "0.72 (0.39-1.32)",
          "rowHeaders": [
            "High"
          ],
          "columnHeaders": [
            "Table 2. Comparison of Smoking Cessation Rates",
            "Time of follow-up",
            "rates (%)",
            "Control",
            "group",
            "Week 4",
            "OR (95% CI)",
            "Ref",
            "Ref",
            "Ref",
            "Ref",
            "Ref",
            "Ref",
            "Ref",
            "Ref"
          ]
        },
        {
          "value": "0.82 (0.47-1.43)",
          "rowHeaders": [
            "High",
            "**"
          ],
          "columnHeaders": [
            "Table 2. Comparison of Smoking Cessation Rates",
            "Smoking cessation",
            "rates (%)",
            "Intervention",
            "group",
            "Week 12",
            "OR (95% CI)",
            "Ref",
            "Ref",
            "Ref",
            "Ref",
            "Ref",
            "Ref",
            "Ref",
            "Ref"
          ]
        },
        {
          "value": "0.85 (0.49-1.48)",
          "rowHeaders": [
            "High",
            "**"
          ],
          "columnHeaders": [
            "Table 2. Comparison of Smoking Cessation Rates",
            "Difference",
            "(%)",
            "Intervention",
            "group",
            "Week 24",
            "OR (95% CI)",
            "Ref",
            "Ref",
            "Ref",
            "Ref",
            "Ref",
            "Ref",
            "Ref",
            "Ref"
          ]
        },
        {
          "value": "2.62 (1.55-4.40)",
          "rowHeaders": [
            "≥4"
          ],
          "columnHeaders": [
            "Table 2. Comparison of Smoking Cessation Rates",
            "Time of follow-up",
            "rates (%)",
            "Control",
            "group",
            "Week 4",
            "OR (95% CI)",
            "Ref",
            "Ref",
            "Ref",
            "Ref",
            "Ref",
            "Ref",
            "Ref",
            "Ref"
          ]
        },
        {
          "value": "1.36 (0.83-2.20)",
          "rowHeaders": [
            "≥4",
            "**"
          ],
          "columnHeaders": [
            "Table 2. Comparison of Smoking Cessation Rates",
            "Smoking cessation",
            "rates (%)",
            "Intervention",
            "group",
            "Week 12",
            "OR (95% CI)",
            "Ref",
            "Ref",
            "Ref",
            "Ref",
            "Ref",
            "Ref",
            "Ref",
            "Ref"
          ]
        },
        {
          "value": "1.35 (0.83-2.22)",
          "rowHeaders": [
            "≥4",
            "**"
          ],
          "columnHeaders": [
            "Table 2. Comparison of Smoking Cessation Rates",
            "Difference",
            "(%)",
            "Intervention",
            "group",
            "Week 24",
            "OR (95% CI)",
            "Ref",
            "Ref",
            "Ref",
            "Ref",
            "Ref",
            "Ref",
            "Ref",
            "Ref"
          ]
        },
        {
          "value": "1.66 (1.02-2.71)",
          "rowHeaders": [
            "≥4"
          ],
          "columnHeaders": [
            "Table 2. Comparison of Smoking Cessation Rates",
            "Time of follow-up",
            "rates (%)",
            "Control",
            "group",
            "Week 4",
            "OR (95% CI)",
            "Ref",
            "Ref",
            "Ref",
            "Ref",
            "Ref",
            "Ref",
            "Ref",
            "Ref",
            "Ref",
            "Ref"
          ]
        },
        {
          "value": "1.24 (0.81-1.92)",
          "rowHeaders": [
            "≥4",
            "**"
          ],
          "columnHeaders": [
            "Table 2. Comparison of Smoking Cessation Rates",
            "Smoking cessation",
            "rates (%)",
            "Intervention",
            "group",
            "Week 12",
            "OR (95% CI)",
            "Ref",
            "Ref",
            "Ref",
            "Ref",
            "Ref",
            "Ref",
            "Ref",
            "Ref",
            "Ref",
            "Ref"
          ]
        },
        {
          "value": "1.19 (0.77-1.83)",
          "rowHeaders": [
            "Middle",
            "**"
          ],
          "columnHeaders": [
            "Table 2. Comparison of Smoking Cessation Rates",
            "Difference",
            "(%)",
            "Intervention",
            "group",
            "Week 24",
            "OR (95% CI)",
            "Ref",
            "Ref",
            "Ref",
            "Ref",
            "Ref",
            "Ref",
            "Ref",
            "Ref",
            "Ref",
            "Ref"
          ]
        }
      ],
      "page": 1
    },
    {
      "type": "TABLE",
      "cells": [
        {
          "value": "67.9",
          "rowHeaders": [
            "Self-reported rate"
          ],
          "columnHeaders": [
            "Table 2. Comparison of Smoking Cessation Rates",
            "Smoking cessation",
            "rates (%)",
            "Control",
            "group"
          ]
        },
        {
          "value": "77.8",
          "rowHeaders": [
            "Self-reported rate"
          ],
          "columnHeaders": [
            "Table 2. Comparison of Smoking Cessation Rates",
            "Smoking cessation",
            "rates (%)",
            "Intervention",
            "group"
          ]
        },
        {
          "value": "9.9",
          "rowHeaders": [
            "Self-reported rate"
          ],
          "columnHeaders": [
            "Table 2. Comparison of Smoking Cessation Rates",
            "Difference",
            "(%)",
            "Intervention",
            "group"
          ]
        },
        {
          "value": "49.1",
          "rowHeaders": [
            "Validated rate",
            "**"
          ],
          "columnHeaders": [
            "Table 2. Comparison of Smoking Cessation Rates",
            "Smoking cessation",
            "rates (%)",
            "Control",
            "group"
          ]
        },
        {
          "value": "61.1",
          "rowHeaders": [
            "Validated rate",
            "**"
          ],
          "columnHeaders": [
            "Table 2. Comparison of Smoking Cessation Rates",
            "Smoking cessation",
            "rates (%)",
            "Intervention",
            "group"
          ]
        },
        {
          "value": "12.0",
          "rowHeaders": [
            "Validated rate",
            "**"
          ],
          "columnHeaders": [
            "Table 2. Comparison of Smoking Cessation Rates",
            "Difference",
            "(%)",
            "Intervention",
            "group"
          ]
        },
        {
          "value": "51.5",
          "rowHeaders": [
            "Self-reported rate"
          ],
          "columnHeaders": [
            "Table 2. Comparison of Smoking Cessation Rates",
            "Smoking cessation",
            "rates (%)",
            "Control",
            "group"
          ]
        },
        {
          "value": "58.1",
          "rowHeaders": [
            "Self-reported rate"
          ],
          "columnHeaders": [
            "Table 2. Comparison of Smoking Cessation Rates",
            "Smoking cessation",
            "rates (%)",
            "Intervention",
            "group"
          ]
        },
        {
          "value": "6.6",
          "rowHeaders": [
            "Self-reported rate"
          ],
          "columnHeaders": [
            "Table 2. Comparison of Smoking Cessation Rates",
            "Difference",
            "(%)",
            "Intervention",
            "group"
          ]
        },
        {
          "value": "23.0",
          "rowHeaders": [
            "Validated rate",
            "**"
          ],
          "columnHeaders": [
            "Table 2. Comparison of Smoking Cessation Rates",
            "Smoking cessation",
            "rates (%)",
            "Control",
            "group"
          ]
        },
        {
          "value": "28.1",
          "rowHeaders": [
            "Validated rate",
            "**"
          ],
          "columnHeaders": [
            "Table 2. Comparison of Smoking Cessation Rates",
            "Smoking cessation",
            "rates (%)",
            "Intervention",
            "group"
          ]
        },
        {
          "value": "5.1",
          "rowHeaders": [
            "Validated rate",
            "**"
          ],
          "columnHeaders": [
            "Table 2. Comparison of Smoking Cessation Rates",
            "Difference",
            "(%)",
            "Intervention",
            "group"
          ]
        },
        {
          "value": "44.2",
          "rowHeaders": [
            "Self-reported rate"
          ],
          "columnHeaders": [
            "Table 2. Comparison of Smoking Cessation Rates",
            "Smoking cessation",
            "rates (%)",
            "Control",
            "group"
          ]
        },
        {
          "value": "47.9",
          "rowHeaders": [
            "Self-reported rate"
          ],
          "columnHeaders": [
            "Table 2. Comparison of Smoking Cessation Rates",
            "Smoking cessation",
            "rates (%)",
            "Intervention",
            "group"
          ]
        },
        {
          "value": "5.7",
          "rowHeaders": [
            "Self-reported rate"
          ],
          "columnHeaders": [
            "Table 2. Comparison of Smoking Cessation Rates",
            "Difference",
            "(%)",
            "Intervention",
            "group"
          ]
        },
        {
          "value": "17.6",
          "rowHeaders": [
            "Validated rate",
            "**"
          ],
          "columnHeaders": [
            "Table 2. Comparison of Smoking Cessation Rates",
            "Smoking cessation",
            "rates (%)",
            "Control",
            "group"
          ]
        },
        {
          "value": "21.6",
          "rowHeaders": [
            "Validated rate",
            "**"
          ],
          "columnHeaders": [
            "Table 2. Comparison of Smoking Cessation Rates",
            "Smoking cessation",
            "rates (%)",
            "Intervention",
            "group"
          ]
        },
        {
          "value": "4.0",
          "rowHeaders": [
            "Validated rate",
            "**"
          ],
          "columnHeaders": [
            "Table 2. Comparison of Smoking Cessation Rates",
            "Difference",
            "(%)",
            "Intervention",
            "group"
          ]
        },
        {
          "value": "1.38 (0.78-2.44)",
          "rowHeaders": [
            "40-49"
          ],
          "columnHeaders": [
            "Table 2. Comparison of Smoking Cessation Rates",
            "Time of follow-up",
            "rates (%)",
            "Control",
            "group",
            "Week 4",
            "OR (95% CI)"
          ]
        },
        {
          "value": "1.30 (0.76-2.23)",
          "rowHeaders": [
            "40-49",
            "**"
          ],
          "columnHeaders": [
            "Table 2. Comparison of Smoking Cessation Rates",
            "Smoking cessation",
            "rates (%)",
            "Intervention",
            "group",
            "Week 12",
            "OR (95% CI)"
          ]
        },
        {
          "value": "1.26 (0.73-2.18)",
          "rowHeaders": [
            "40-49",
            "**"
          ],
          "columnHeaders": [
            "Table 2. Comparison of Smoking Cessation Rates",
            "Difference",
            "(%)",
            "Intervention",
            "group",
            "Week 24",
            "OR (95% CI)"
          ]
        },
        {
          "value": "3.20 (1.66-6.15)",
          "rowHeaders": [
            "≥50"
          ],
          "columnHeaders": [
            "Table 2. Comparison of Smoking Cessation Rates",
            "Time of follow-up",
            "rates (%)",
            "Control",
            "group",
            "Week 4",
            "OR (95% CI)",
            "Ref"
          ]
        },
        {
          "value": "2.72 (1.54-4.79)",
          "rowHeaders": [
            "≥50",
            "**"
          ],
          "columnHeaders": [
            "Table 2. Comparison of Smoking Cessation Rates",
            "Smoking cessation",
            "rates (%)",
            "Intervention",
            "group",
            "Week 12",
            "OR (95% CI)",
            "Ref"
          ]
        },
        {
          "value": "2.02 (1.16-3.52)",
          "rowHeaders": [
            "≥50",
            "**"
          ],
          "columnHeaders": [
            "Table 2. Comparison of Smoking Cessation Rates",
            "Difference",
            "(%)",
            "Intervention",
            "group",
            "Week 24",
            "OR (95% CI)",
            "Ref"
          ]
        },
        {
          "value": "0.47 (0.21-1.06)",
          "rowHeaders": [
            "≥50"
          ],
          "columnHeaders": [
            "Table 2. Comparison of Smoking Cessation Rates",
            "Time of follow-up",
            "rates (%)",
            "Control",
            "group",
            "Week 4",
            "OR (95% CI)",
            "Ref",
            "Ref"
          ]
        },
        {
          "value": "0.58 (0.28-1.18)",
          "rowHeaders": [
            "40-49",
            "**"
          ],
          "columnHeaders": [
            "Table 2. Comparison of Smoking Cessation Rates",
            "Smoking cessation",
            "rates (%)",
            "Intervention",
            "group",
            "Week 12",
            "OR (95% CI)",
            "Ref",
            "Ref"
          ]
        },
        {
          "value": "0.87 (0.43-1.76)",
          "rowHeaders": [
            "40-49",
            "**"
          ],
          "columnHeaders": [
            "Table 2. Comparison of Smoking Cessation Rates",
            "Difference",
            "(%)",
            "Intervention",
            "group",
            "Week 24",
            "OR (95% CI)",
            "Ref",
            "Ref"
          ]
        },
        {
          "value": "0.47 (0.26-0.87)",
          "rowHeaders": [
            "4-6"
          ],
          "columnHeaders": [
            "Table 2. Comparison of Smoking Cessation Rates",
            "Time of follow-up",
            "rates (%)",
            "Control",
            "group",
            "Week 4",
            "OR (95% CI)",
            "Ref",
            "Ref"
          ]
        },
        {
          "value": "0.72 (0.44-1.19)",
          "rowHeaders": [
            "4-6",
            "**"
          ],
          "columnHeaders": [
            "Table 2. Comparison of Smoking Cessation Rates",
            "Smoking cessation",
            "rates (%)",
            "Intervention",
            "group",
            "Week 12",
            "OR (95% CI)",
            "Ref",
            "Ref"
          ]
        },
        {
          "value": "0.96 (0.58-1.57)",
          "rowHeaders": [
            "Middle",
            "**"
          ],
          "columnHeaders": [
            "Table 2. Comparison of Smoking Cessation Rates",
            "Difference",
            "(%)",
            "Intervention",
            "group",
            "Week 24",
            "OR (95% CI)",
            "Ref",
            "Ref"
          ]
        },
        {
          "value": "1.31 (0.72-2.35)",
          "rowHeaders": [
            "4-6"
          ],
          "columnHeaders": [
            "Table 2. Comparison of Smoking Cessation Rates",
            "Time of follow-up",
            "rates (%)",
            "Control",
            "group",
            "Week 4",
            "OR (95% CI)",
            "Ref",
            "Ref"
          ]
        },
        {
          "value": "1.88 (1.09-3.24)",
          "rowHeaders": [
            "4-6",
            "**"
          ],
          "columnHeaders": [
            "Table 2. Comparison of Smoking Cessation Rates",
            "Smoking cessation",
            "rates (%)",
            "Intervention",
            "group",
            "Week 12",
            "OR (95% CI)",
            "Ref",
            "Ref"
          ]
        },
        {
          "value": "1.39 (0.80-2.41)",
          "rowHeaders": [
            "4-6",
            "**"
          ],
          "columnHeaders": [
            "Table 2. Comparison of Smoking Cessation Rates",
            "Difference",
            "(%)",
            "Intervention",
            "group",
            "Week 24",
            "OR (95% CI)",
            "Ref",
            "Ref"
          ]
        },
        {
          "value": "1.46 (0.77-2.76)",
          "rowHeaders": [
            "1-3"
          ],
          "columnHeaders": [
            "Table 2. Comparison of Smoking Cessation Rates",
            "Time of follow-up",
            "rates (%)",
            "Control",
            "group",
            "Week 4",
            "OR (95% CI)",
            "Ref",
            "Ref",
            "Ref"
          ]
        },
        {
          "value": "1.84 (1.03-3.29)",
          "rowHeaders": [
            "1-3",
            "**"
          ],
          "columnHeaders": [
            "Table 2. Comparison of Smoking Cessation Rates",
            "Smoking cessation",
            "rates (%)",
            "Intervention",
            "group",
            "Week 12",
            "OR (95% CI)",
            "Ref",
            "Ref",
            "Ref"
          ]
        },
        {
          "value": "1.84 (1.03-3.29)",
          "rowHeaders": [
            "1-3",
            "**"
          ],
          "columnHeaders": [
            "Table 2. Comparison of Smoking Cessation Rates",
            "Difference",
            "(%)",
            "Intervention",
            "group",
            "Week 24",
            "OR (95% CI)",
            "Ref",
            "Ref",
            "Ref"
          ]
        },
        {
          "value": "2.18 (1.16-4.09)",
          "rowHeaders": [
            "Middle"
          ],
          "columnHeaders": [
            "Table 2. Comparison of Smoking Cessation Rates",
            "Time of follow-up",
            "rates (%)",
            "Control",
            "group",
            "Week 4",
            "OR (95% CI)",
            "Ref",
            "Ref",
            "Ref"
          ]
        },
        {
          "value": "2.04 (1.15-3.63)",
          "rowHeaders": [
            "Middle",
            "**"
          ],
          "columnHeaders": [
            "Table 2. Comparison of Smoking Cessation Rates",
            "Smoking cessation",
            "rates (%)",
            "Intervention",
            "group",
            "Week 12",
            "OR (95% CI)",
            "Ref",
            "Ref",
            "Ref"
          ]
        },
        {
          "value": "1.78 (1.00-3.18)",
          "rowHeaders": [
            "Middle",
            "**"
          ],
          "columnHeaders": [
            "Table 2. Comparison of Smoking Cessation Rates",
            "Difference",
            "(%)",
            "Intervention",
            "group",
            "Week 24",
            "OR (95% CI)",
            "Ref",
            "Ref",
            "Ref"
          ]
        },
        {
          "value": "1.74 (0.97-3.13)",
          "rowHeaders": [
            "High"
          ],
          "columnHeaders": [
            "Table 2. Comparison of Smoking Cessation Rates",
            "Time of follow-up",
            "rates (%)",
            "Control",
            "group",
            "Week 4",
            "OR (95% CI)",
            "Ref",
            "Ref",
            "Ref",
            "Ref"
          ]
        },
        {
          "value": "1.44 (0.83-2.50)",
          "rowHeaders": [
            "High",
            "**"
          ],
          "columnHeaders": [
            "Table 2. Comparison of Smoking Cessation Rates",
            "Smoking cessation",
            "rates (%)",
            "Intervention",
            "group",
            "Week 12",
            "OR (95% CI)",
            "Ref",
            "Ref",
            "Ref",
            "Ref"
          ]
        },
        {
          "value": "1.67 (0.95-2.92)",
          "rowHeaders": [
            "High",
            "**"
          ],
          "columnHeaders": [
            "Table 2. Comparison of Smoking Cessation Rates",
            "Difference",
            "(%)",
            "Intervention",
            "group",
            "Week 24",
            "OR (95% CI)",
            "Ref",
            "Ref",
            "Ref",
            "Ref"
          ]
        },
        {
          "value": "3.07 (1.60-5.91)",
          "rowHeaders": [
            "Middle"
          ],
          "columnHeaders": [
            "Table 2. Comparison of Smoking Cessation Rates",
            "Time of follow-up",
            "rates (%)",
            "Control",
            "group",
            "Week 4",
            "OR (95% CI)",
            "Ref",
            "Ref",
            "Ref",
            "Ref"
          ]
        },
        {
          "value": "1.65 (0.94-2.91)",
          "rowHeaders": [
            "Middle",
            "**"
          ],
          "columnHeaders": [
            "Table 2. Comparison of Smoking Cessation Rates",
            "Smoking cessation",
            "rates (%)",
            "Intervention",
            "group",
            "Week 12",
            "OR (95% CI)",
            "Ref",
            "Ref",
            "Ref",
            "Ref"
          ]
        },
        {
          "value": "1.44 (0.81-2.54)",
          "rowHeaders": [
            "Middle",
            "**"
          ],
          "columnHeaders": [
            "Table 2. Comparison of Smoking Cessation Rates",
            "Difference",
            "(%)",
            "Intervention",
            "group",
            "Week 24",
            "OR (95% CI)",
            "Ref",
            "Ref",
            "Ref",
            "Ref"
          ]
        },
        {
          "value": "3.04 (1.66-5.55)",
          "rowHeaders": [
            "High"
          ],
          "columnHeaders": [
            "Table 2. Comparison of Smoking Cessation Rates",
            "Time of follow-up",
            "rates (%)",
            "Control",
            "group",
            "Week 4",
            "OR (95% CI)",
            "Ref",
            "Ref",
            "Ref",
            "Ref",
            "Ref"
          ]
        },
        {
          "value": "1.79 (1.05-3.06)",
          "rowHeaders": [
            "High",
            "**",
            "1.89(1.10-3.22)"
          ],
          "columnHeaders": [
            "Table 2. Comparison of Smoking Cessation Rates",
            "Difference",
            "(%)",
            "Intervention",
            "group",
            "Week 24",
            "OR (95% CI)",
            "Ref",
            "Ref",
            "Ref",
            "Ref",
            "Ref"
          ]
        },
        {
          "value": "1.57 (0.89-2.77)",
          "rowHeaders": [
            "Middle"
          ],
          "columnHeaders": [
            "Table 2. Comparison of Smoking Cessation Rates",
            "Time of follow-up",
            "rates (%)",
            "Control",
            "group",
            "Week 4",
            "OR (95% CI)",
            "Ref",
            "Ref",
            "Ref",
            "Ref",
            "Ref"
          ]
        },
        {
          "value": "1.07 (0.63-1.81)",
          "rowHeaders": [
            "Middle",
            "**"
          ],
          "columnHeaders": [
            "Table 2. Comparison of Smoking Cessation Rates",
            "Smoking cessation",
            "rates (%)",
            "Intervention",
            "group",
            "Week 12",
            "OR (95% CI)",
            "Ref",
            "Ref",
            "Ref",
            "Ref",
            "Ref"
          ]
        },
        {
          "value": "0.71 (0.42-1.21)",
          "rowHeaders": [
            "Middle",
            "**"
          ],
          "columnHeaders": [
            "Table 2. Comparison of Smoking Cessation Rates",
            "Difference",
            "(%)",
            "Intervention",
            "group",
            "Week 24",
            "OR (95% CI)",
            "Ref",
            "Ref",
            "Ref",
            "Ref",
            "Ref"
          ]
        },
        {
          "value": "2.50 (1.30-4.77)",
          "rowHeaders": [
            "Low"
          ],
          "columnHeaders": [
            "Table 2. Comparison of Smoking Cessation Rates",
            "Time of follow-up",
            "rates (%)",
            "Control",
            "group",
            "Week 4",
            "OR (95% CI)",
            "Ref",
            "Ref",
            "Ref",
            "Ref",
            "Ref",
            "Ref"
          ]
        },
        {
          "value": "1.51 (0.86-2.66)",
          "rowHeaders": [
            "Low",
            "**"
          ],
          "columnHeaders": [
            "Table 2. Comparison of Smoking Cessation Rates",
            "Smoking cessation",
            "rates (%)",
            "Intervention",
            "group",
            "Week 12",
            "OR (95% CI)",
            "Ref",
            "Ref",
            "Ref",
            "Ref",
            "Ref",
            "Ref"
          ]
        },
        {
          "value": "0.93 (0.53-1.63)",
          "rowHeaders": [
            "Low",
            "**"
          ],
          "columnHeaders": [
            "Table 2. Comparison of Smoking Cessation Rates",
            "Difference",
            "(%)",
            "Intervention",
            "group",
            "Week 24",
            "OR (95% CI)",
            "Ref",
            "Ref",
            "Ref",
            "Ref",
            "Ref",
            "Ref"
          ]
        },
        {
          "value": "1.07 (0.45-2.55)",
          "rowHeaders": [
            "High (≥25)"
          ],
          "columnHeaders": [
            "Table 2. Comparison of Smoking Cessation Rates",
            "Time of follow-up",
            "rates (%)",
            "Control",
            "group",
            "Week 4",
            "OR (95% CI)",
            "Ref",
            "Ref",
            "Ref",
            "Ref",
            "Ref",
            "Ref"
          ]
        },
        {
          "value": "1.13 (0.51-2.49)",
          "rowHeaders": [
            "High (≥25)",
            "**"
          ],
          "columnHeaders": [
            "Table 2. Comparison of Smoking Cessation Rates",
            "Smoking cessation",
            "rates (%)",
            "Intervention",
            "group",
            "Week 12",
            "OR (95% CI)",
            "Ref",
            "Ref",
            "Ref",
            "Ref",
            "Ref",
            "Ref"
          ]
        },
        {
          "value": "1.46 (0.64-3.29)",
          "rowHeaders": [
            "High (≥25)",
            "**"
          ],
          "columnHeaders": [
            "Table 2. Comparison of Smoking Cessation Rates",
            "Difference",
            "(%)",
            "Intervention",
            "group",
            "Week 24",
            "OR (95% CI)",
            "Ref",
            "Ref",
            "Ref",
            "Ref",
            "Ref",
            "Ref"
          ]
        },
        {
          "value": "1.10 (0.58-2.11)",
          "rowHeaders": [
            "Middle"
          ],
          "columnHeaders": [
            "Table 2. Comparison of Smoking Cessation Rates",
            "Time of follow-up",
            "rates (%)",
            "Control",
            "group",
            "Week 4",
            "OR (95% CI)",
            "Ref",
            "Ref",
            "Ref",
            "Ref",
            "Ref",
            "Ref",
            "Ref"
          ]
        },
        {
          "value": "1.17 (0.66-2.07)",
          "rowHeaders": [
            "Middle",
            "**"
          ],
          "columnHeaders": [
            "Table 2. Comparison of Smoking Cessation Rates",
            "Smoking cessation",
            "rates (%)",
            "Intervention",
            "group",
            "Week 12",
            "OR (95% CI)",
            "Ref",
            "Ref",
            "Ref",
            "Ref",
            "Ref",
            "Ref",
            "Ref"
          ]
        },
        {
          "value": "1.08 (0.61-1.90)",
          "rowHeaders": [
            "Middle",
            "**"
          ],
          "columnHeaders": [
            "Table 2. Comparison of Smoking Cessation Rates",
            "Difference",
            "(%)",
            "Intervention",
            "group",
            "Week 24",
            "OR (95% CI)",
            "Ref",
            "Ref",
            "Ref",
            "Ref",
            "Ref",
            "Ref",
            "Ref"
          ]
        },
        {
          "value": "0.72 (0.39-1.32)",
          "rowHeaders": [
            "High"
          ],
          "columnHeaders": [
            "Table 2. Comparison of Smoking Cessation Rates",
            "Time of follow-up",
            "rates (%)",
            "Control",
            "group",
            "Week 4",
            "OR (95% CI)",
            "Ref",
            "Ref",
            "Ref",
            "Ref",
            "Ref",
            "Ref",
            "Ref",
            "Ref"
          ]
        },
        {
          "value": "0.82 (0.47-1.43)",
          "rowHeaders": [
            "High",
            "**"
          ],
          "columnHeaders": [
            "Table 2. Comparison of Smoking Cessation Rates",
            "Smoking cessation",
            "rates (%)",
            "Intervention",
            "group",
            "Week 12",
            "OR (95% CI)",
            "Ref",
            "Ref",
            "Ref",
            "Ref",
            "Ref",
            "Ref",
            "Ref",
            "Ref"
          ]
        },
        {
          "value": "0.85 (0.49-1.48)",
          "rowHeaders": [
            "High",
            "**"
          ],
          "columnHeaders": [
            "Table 2. Comparison of Smoking Cessation Rates",
            "Difference",
            "(%)",
            "Intervention",
            "group",
            "Week 24",
            "OR (95% CI)",
            "Ref",
            "Ref",
            "Ref",
            "Ref",
            "Ref",
            "Ref",
            "Ref",
            "Ref"
          ]
        },
        {
          "value": "2.62 (1.55-4.40)",
          "rowHeaders": [
            "≥4"
          ],
          "columnHeaders": [
            "Table 2. Comparison of Smoking Cessation Rates",
            "Time of follow-up",
            "rates (%)",
            "Control",
            "group",
            "Week 4",
            "OR (95% CI)",
            "Ref",
            "Ref",
            "Ref",
            "Ref",
            "Ref",
            "Ref",
            "Ref",
            "Ref"
          ]
        },
        {
          "value": "1.36 (0.83-2.20)",
          "rowHeaders": [
            "≥4",
            "**"
          ],
          "columnHeaders": [
            "Table 2. Comparison of Smoking Cessation Rates",
            "Smoking cessation",
            "rates (%)",
            "Intervention",
            "group",
            "Week 12",
            "OR (95% CI)",
            "Ref",
            "Ref",
            "Ref",
            "Ref",
            "Ref",
            "Ref",
            "Ref",
            "Ref"
          ]
        },
        {
          "value": "1.35 (0.83-2.22)",
          "rowHeaders": [
            "≥4",
            "**"
          ],
          "columnHeaders": [
            "Table 2. Comparison of Smoking Cessation Rates",
            "Difference",
            "(%)",
            "Intervention",
            "group",
            "Week 24",
            "OR (95% CI)",
            "Ref",
            "Ref",
            "Ref",
            "Ref",
            "Ref",
            "Ref",
            "Ref",
            "Ref"
          ]
        },
        {
          "value": "1.66 (1.02-2.71)",
          "rowHeaders": [
            "≥4"
          ],
          "columnHeaders": [
            "Table 2. Comparison of Smoking Cessation Rates",
            "Time of follow-up",
            "rates (%)",
            "Control",
            "group",
            "Week 4",
            "OR (95% CI)",
            "Ref",
            "Ref",
            "Ref",
            "Ref",
            "Ref",
            "Ref",
            "Ref",
            "Ref",
            "Ref",
            "Ref"
          ]
        },
        {
          "value": "1.24 (0.81-1.92)",
          "rowHeaders": [
            "≥4",
            "**"
          ],
          "columnHeaders": [
            "Table 2. Comparison of Smoking Cessation Rates",
            "Smoking cessation",
            "rates (%)",
            "Intervention",
            "group",
            "Week 12",
            "OR (95% CI)",
            "Ref",
            "Ref",
            "Ref",
            "Ref",
            "Ref",
            "Ref",
            "Ref",
            "Ref",
            "Ref",
            "Ref"
          ]
        },
        {
          "value": "1.19 (0.77-1.83)",
          "rowHeaders": [
            "Middle",
            "**"
          ],
          "columnHeaders": [
            "Table 2. Comparison of Smoking Cessation Rates",
            "Difference",
            "(%)",
            "Intervention",
            "group",
            "Week 24",
            "OR (95% CI)",
            "Ref",
            "Ref",
            "Ref",
            "Ref",
            "Ref",
            "Ref",
            "Ref",
            "Ref",
            "Ref",
            "Ref"
          ]
        }
      ],
      "page": 1
    }
  ]
}
