{
  "title": "A cluster randomized trial in general practice with referral to a group-based or an Internet-based smoking cessation programme",
  "shortTitle": "Pisinger (2009)",
  "filename": "Pisinger 2009.pdf",
  "introduction": "",
  "content": [
    {
      "type": "TEXT",
      "text": "A cluster randomized trial in general practice with referral to a group-based or an internet-based smoking cessation programme\n\nAB ST R ACT Background Reviews state that there is a room for improvements of smoking cessation (SC) intervention in general practice. Methods In 2005, all 61 general practitioners (GPs) in four municipalities in Copenhagen, Denmark, were invited to participate. Twenty-four GPs accepted and were cluster randomized to one of three groups: Group A, referral to group-based SC counselling (national model), n ¼ 10; Group B, referral to internet-based SC programme (newly developed), n ¼ 8; or Group C, no referral ('do as usual'), n ¼ 6. A total of 1518/ 1914 smokers were included, and 760 returned a questionnaire at 1-year follow-up. Results The participating GPs reported significantly more SC counselling than GPs who refused participation (P ¼ 0.04). Self-reported point abstinence was 6.7% (40/600), 5.9% (28/476) and 5.7% (25/442) in Groups A, B and C, respectively. Only 40 smokers attended group-based SC counselling, and 75 logged in at the internet-based SC programme. In cluster analyses, we found no significant additional effect of referral to group-based (OR: 1.05; 95% CI: 0.6-1.8) or internet-based SC programmes (OR: 0.91; 95% CI: 0.6-1.4). Conclusions We found no additional effect on cessation rates of GPs' referring to group-based SC counselling or internet-based SC programme. This finding might, to some degree, be explained by the short time used by the GPs on SC counselling and the selection of the participating doctors.\n\nGeneral practitioners (GPs) have repeated contact with the majority of the population. There is evidence that short smoking cessation (SC) advice given by a doctor is an efficient way to help smokers to quit and a more intensive SC intervention in a general practice increases the quit rates. The GPs have a relationship of confidence with their patients, and knowledge of the smoker's health that might be a motivational factor for the patient to quit. Therefore, in the clinical guidelines from the Danish National Board of Health, it is implemented that GPs shall identify systematically all smokers in their practice and give relevant SC assistance to all smokers motivated to quit. However, only 38% of the smokers in the Capital Region of Denmark 2 stated that they have been advised, within the last year, by their GP to quit smoking, which is comparable with other countries. Several reviews state that even though some GPs work hard to assist their patients to quit, there are large variations in counselling and room for improvements of SC intervention in general practice. A recent study showed that GPs referring smokers to an evidence-based quit-line service results in increased cessation. Also, it is well-documented that group-based SC counselling is efficient in helping people to quit. The Danish national model for group-based SC counselling has showed stable quit rates 16% after 1 year and has proved to be very cost-effective. However, about one in three Danish GPs state that possibilities for referral to other SC activities are insufficient. Studies suggest that education and knowledge-sharing benefits can be achieved through computer-based education methodologies, but there is still limited evidence of the outcome. Thus, routinely referring to group-based SC counselling or internet-based SC programmes could bean effective and acceptable way of intensifying SC intervention in general practice and of relevance for public health. However, little is known about acceptance and effectiveness of referral to these SC alternatives.\nThe objective of this study was to test if GPs routinely refer to either group-based SC counselling or an internetbased SC programme, would this practice result in higher SC rates after 1 year than usual in-clinic SC advice given by GPs.\nPrimary outcome was self-reported point abstinence at 1-year follow-up. Secondary outcomes were: validated abstinence and smokers' and GPs' attitude to SC in general practice. The target subjects were all daily smokers attending general practice.\n\n\nIn Denmark, every citizen is offered a personal GP close to his/her home and the GPs are regarded as gate-keepers. It is free for all citizens to consult a GP (national health insurance paid by taxes). Since 2006, GPs have been paid for life-style consultations (individual counselling on, for example, SC, healthier diet and/or increased physical activity).\nThe study was designed by the request of general practice and designed to reflect 'real life' as much as possible. It was a demand from general practice that the intervention should be very easy to implement in a daily routine and not put the GPs under obligation of time-consuming registration or SC activities.\nIn the spring of 2005, all GPs (n ¼ 61) in four municipalities in the suburb of Copenhagen, Denmark, were requested by mail to participate. The Local Medical Society and the Committee of Multi Practice Studies strongly recommended participation. The four municipalities were chosen because they were geographically close to the Research Centre for Prevention and Health, where the group-based SC counselling (see below) took place. The doctors were informed that the extra workload during the study would below. The extra workload for the nurse or secretary was: registering all patients (smokers and non-smokers) at daily basis, asking about smoking status and registering all daily smokers, asking smokers to participate in the study and to complete a questionnaire. For the doctors in the referral groups, the extra work was: completing questionnaires (see below) and having a brief talk with every smoker. The doctors in the control group should do the same, except that they did not have to talk about smoking with all smokers.\nThe study was approved by the Copenhagen County Ethical Committee. Unwritten informed consent was sought for every smoker.\n\n\nThe GPs were pre-randomized at the Research Centre by a computer generated list to one of the three groups: A (n ¼ 21), B (n ¼ 20) or C (n ¼ 20). Thus, the doctors could not choose a certain group, and they knew which group they were randomized to, before accepting participation. Doctors sharing the same address (n ¼ 15) were randomized by the investigators to the same group as the first drawn doctor. The GPs were repeatedly requested by mail and phone to take part in the project and to complete a baseline questionnaire. The investigator was in close and continuous contact with the GPs.\n\n\nGPs allocated to this group should, fora period of 8 weeks, briefly and freely talk about smoking (no standard text) with all smokers and refer all smokers with motivation to quit to a group-based SC counselling. The doctor should briefly ask about smoking, inform that smoking was very unhealthy, ask whether the smoker was motivated to quit, encourage the smoker to try to quit and give the smoker a little card with name and phone number of the SC counsellor at the Research Centre. The smokers were requested to arrange a date on his/her own.\nThe group-based SC counselling was based on a validated Danish national model (www.cancer.dk/tobak). The SC counsellors receive 3 days of standard education. There were five sessions of 2 h. An intensive non-pharmacological (behavioural) approach was combined with a pharmacological approach (recommending nicotine replacement therapy as first choice).\n\n\nGPs allocated to this group should, fora period of 8 weeks, briefly and freely talk about smoking (no standard text) with SMOKING CESSATION AND GENERAL PRACTICE all smokers (as in Group A) and refer all smokers motivated to quit to an internet-based SC programme (interactive, individual advice, newly developed by the Research Centre). The GP gave the smokers a card with the website and requested the smoker to login on his/her own. The general public could not login but the smokers in the study could potentially share the website with family/friends. The internetbased programme was basically based on the national model for SC in the groups but there were 13 'sessions' during 6 months.\nGroup C GPs allocated to the control group should continue to give SC advice and assistance to quit as they used to (not necessarily to all smokers). The control group did not have any special programme, beyond what is known from a national survey on Danish GPs ultimo 2004. In our study, the control group only registered whether they discussed smoking with the patient or not, and the time consumed by counselling, as further registration was regarded as too timeconsuming by the GPs.\n\n\nEight-week registration form: during the inclusion period, all patients attending their GP were registered and asked if they smoked.\nAll 61 GPs were requested to complete a one-page questionnaire giving a baseline characteristic of the participating and non-participating doctors in the study. Furthermore, the 24 participating doctors completed two questions on every smoker's baseline questionnaire estimating the smoker's interest for referral to an SC activity and the time spent on the conversation about smoking.\nAll smokers were asked to complete a one-page baseline questionnaire. After 1 year, a questionnaire was sent by mail to all baseline smokers, asking about smoking status. Nicotine dependence was measured by Fagerstöm score (FTND). Socio-economic status was measured by two simple questions: 'Do you have avocational training?' (No/ Yes ,1 year/Yes 1 year) combined with 'Are you employed?' (Yes/ No).\n\n\nOne GP died shortly after randomization and was excluded before starting the study. Twenty-four GPs (40.0%) accepted to participate in the study; 10 in Group A, 8 in Group B and 6 in Group C. The difference in participation was not significant (P ¼ 0.39).\nFifty-five doctors (90.2%) returned the baseline questionnaire. The most important reasons for refusal were high workload (41.8%), practical reasons (holiday in the inclusion period, lack of nurse/secretary etc. 21.8%) and lack of fee for participation (10.9%). Only one of the GPs stated that SC intervention in general practice was in no need of changes.\nTwenty-three of 24 included doctors (95.8%) returned the 8-week registration form.\nIn total, the GPs registered 16 867 patients during the 8-week period, e.g. almost 20 patients per day. In total, 1914 smokers were registered (target group) and 1518 included and completed questionnaires (study population). Participation rate at baseline was high, 79.3%. After 1 year, 760 of the baseline smokers (50.1%) returned the questionnaire. Sixty-four of 93 (68.8%) self-reported smokefree participants returned the urine sample for validation.\n\n\nWe measured self-reported point abstinence at 1-year follow-up. The question was: do you smoke now (yes daily/ yes occasionally/no). This reflects the actual situation (no minimum of days/weeks of abstinence of smoking), not continuous abstinence. Participants who reported to be Flow chart of the patients in the study smoke-free at 1 year were contacted by mail and requested to return a urine sample for validation of abstinence. We used the IMMULITE 2000 Nicotine Metabolite Analyzer to measure urine-cotinine levels. The cut-off limit was set to ,200 ng/ml for validated non-smokers with self-reported abstinence. Statistics Power calculations were done before start of the study. To achieve a power of 80%, we needed 475 smokers in each group (comparing two groups). We expected that 10% of the smokers in the referral groups had quit smoking at 1 year and compared with expected 5% in the non-referral group.\nAll data processing was done with the SPSS 14.0 software at baseline and 15.0 at 1-year follow-up (SPSS Inc., Chicago, IL, USA). Categorical data were tested by Pearson's chi-square test. Continuous data and ordinal data were tested by the explore and independent-samples t-test. Daily number of SC counselling was tested by the Mann -Whitney test. Tobacco consumption was right skewed, so it was logarithmically transformed. One-way ANOVA was used to test difference between groups.\nTo test for efficacy of the intervention, we used intention-to-treat analyses, including all smokers from baseline, assuming that all participants who did not return the 1-year questionnaire were still smokers. These analyses were used both when we calculated the self-reported and the validated abstinence rates at 1 year.\nWe tested the effect of the study in general linear models (generalized estimating equations, GEE) with (i) selfreported point abstinence and (ii) validated point abstinence as dependent variable and group as independent variable, adjusted forage, sex, socio-economic status, tobacco consumption and self-reported motivation to quit at baseline. The GPs were clusters.\nLevel of significance was set to 5% in all analyses.\n\n\nThe participating GPs were significantly more often women and reported significantly more SC counselling. Less than 10% of the GPs were smokers, and less than 10% had a high self-efficacy in SC counselling. Time spent on SC counselling was registered in 78.8% of the office visits with smokers. Thirty-eight percent of the doctors spent less than 1 min on SC counselling. Median time spent, when .1 min, on SC counselling in Group A: 2 min (range: 1 -60), Group B: 4 min (range: 1-15) and Group C: 3 min (range: 1 -37). Doctors in Group A, referring to group-based SC counselling, spent significantly less time discussing smoking than doctors in Groups B and C (P , 0.001). The GPs in Group C discussed smoking with 47.1% (208/442) of the smokers, whereas the GPs in Groups A and B were randomized to discus smoking with all smokers. There were no significant differences between the groups in terms of the number of patients seen or smokers included. Six hundred smokers were included in Group A, 476 in Group B and 442 in Group C.\nThe mean registered smoking prevalence was 16.9% (1914/11 331 eligible patients) with a great variation between practices (3.8% to 22.9%).\nThirty-two percent of the smokers were very addicted to nicotine (Fagerström ¼ six or more). Smokers in Group C were younger, had lower tobacco consumption and were less motivated to quit. There was no difference between the groups in wish to quit and only one of seven smokers had no wish to quit at all ().\nThe GPs in Group A registered that one of three smokers was interested in attending a group-based SC counselling ( and that an additional one-third of the smokers was 'possibly interested', which was in accordance with the smokers' self-reported wish to quit. However, less than 1 of 10 actually contacted the SC counsellor and registered for an SC group and even fewer attended the first visit.\nThe GPs in Group B registered that almost 60% of the smokers expressed interest in trying the internet-based SC programme. Ina period of 3 months after the consultation, only about one out of six of all smokers had logged in the internet-based programme. Some of these might have been smokers who were not referred by the GP (family members, friends or colleges).\nIn total, 93 (12.2%) out of the 760 baseline smokers who completed the 1-year questionnaires reported to have quit. All 64 returned urine-cotinine measurements confirmed non-smoking status. In intention-to-treat analyses, the point 1518 smokers included in the study at baseline (by 24 GPs) Flowchart of the smokers in the three randomized groups. Asterisk, number of smokers estimated by the GPs. Star, the doctors estimated that additional 199 (33.2%) of the patients were possibly interested in participation in group-based SC. Double asterisk, point abstinence at 1-year follow-up; all smokers from baseline are included in analyses (intention-to-treat). Hash, validated point abstinence at 1-year follow-up; all smokers from baseline are included in analyses (intention-to-treat).\nabstinence rates at 1 year were a little higher in Group A (6.7%) than in Groups B (5.9%) and C (5.7%). The validated point abstinence rates were lower, but showed the same pattern: 3.5%, 2.5% and 2.7% in Groups A, B and C, respectively. Nine out of 40 participants (22.5%) attending the group-based SC counselling reported to be abstinent at 1-year follow-up.\nIn cluster analyses, we found no additional effect on selfreported 1-year abstinence rates of either referral to groupbased SC counselling (OR ¼ 1.05; 95% CI ¼ 0.6 -1.8) or to an internet-based SC programme (OR ¼ 0.91; 95% CI ¼ 0.6 -1.4). Neither did we find significant difference in validated abstinence rates (P ¼ 0.58 and 0.53).\n\n\n\n\nNo additional effect on SC rates was seen after routinely referring to two different SC programmes. Fewer smokers than expected were identified in the general practices, and there was a great discrepancy between the high numbers of patients registered as interested in external referral and the low number who actually signed fora group-based SC counselling or logged in at the internet-based SC programme.\nThe GPs included in the study were a selected group, who at baseline reported to be very active in SC counselling.\n\n\nMany reasons have been identified to explain the low intensity of SC intervention in general practice. Lack of time, 20,21 lack of economical reimbursement, 6,22 patients' low motivation to quit, 23,24 patients' resistance to speak about smoking, 25,26 patients' low compliance, 6,23 consideration to smokers' other problems, an uneasy feeling when talking about SC, 20,21 respect of privacy, 20,28 lack of skills and low self-efficacy have been identified as barriers.\nA Canadian study found that the most important factor predicting SC counselling was GPs' high self-efficacy. In our study only 1 out of 10 GPs had a high self-efficacy in SC counselling. A previous study, as ours, showed that GPs participating in surveys are more active in SC counselling, have higher self-efficacy and experience greater success with SC counselling than doctors who did not participate. 22\n\n\nThe smoking prevalence in this trial was 17%, compared with 25% in a national sample the same year, and much lower than the smoking prevalence, 36%, found at the same time in a local large population-based study. There might be several reasons for these findings. First, this might be a registration problem, e.g. the doctor/nurse has forgotten to ask about smoking status. Second, it might be a selection problem, e.g. the GPs have been giving sufficient SC counselling for years and their patients had already quit smoking, or the reluctant smokers had chosen another, less 'SC aggressive' GP. Finally, it could be due to under-reporting. Some of the smokers might want to conceal their smoking for their doctor.\nIn Group A, the GPs estimated that 3 out of 10 expressed interest in participation in the group-based SC programme and additionally 1 out of 3 showed possible interest. The GPs in Group B registered that 6 out of 10 smokers expressed interest in trying the internet-based SC. However, only about one out of four of the smokers who expressed interest to take advantage of the assistance to quit signed for an SC group or logged in at the internet programme. A possible explanation could be that the smokers wanted to leave an impression of motivation to quit, avoiding a confrontation with their GP. This is not very probable, as more than half of the smokers also reported high wish to quit in the questionnaires. Alternatively, the smokers never managed to contact the SC counsellor or login on the internet. If the reason is forgetfulness or busyness, it might help if a nurse/secretary routinely signed the smoker in fora cessation group before he/she left the practice. In the Danish nationwide survey, one out of three GPs stated that they had their nurse/secretary involved in SC activities. Another explanation maybe that motivation to quit is not a stable condition. One day the smoker maybe worried about the damage on health and seriously consider quitting, and on the next day he/she maybe partying with smoking friends and has forgotten all about quitting.\nA recent Australian study provided evidence that GPs referring smokers to an evidence-based quit-line service resulted in increased cessation. The benefit was largely due to patients in the referral condition receiving more external help than those in the in-practice condition. In our study, baseline smokers who accepted external help and attended the SC groups had high abstinence rates at 1 year, 23%. Also, abstinence rates were a little higher in the group referred to group-based SC counselling. However, the low number of patients who accepted the offer given resulted in no significant additional effect of referral to group-based SC counselling.\nThe GPs were instructed to talk freely and briefly. It can be argued that the variation in the length and content of the conversations makes the 'quit smoking message' too diverse. It was not apart of the study to educate the doctors in how to talk about smoking, but this is of course important. Most GPs, including those in the control group, spent only a few minutes talking about smoking with their patients and had, on average, only two consultations a day with smokers, so there seems to be potential for improvement.\nA recent English study found that a brief training session can significantly increase GPs referral to SC services. Another randomized study found that proactively identifying smokers, and referring them to a cessation service, significantly increased contacts with cessation services and the number of quit attempts. A significant effect on long-term cessation rates was not detected, but the study was not powered to detect the difference.\n\n\nThis study underlines how difficult it is to achieve good SC results in general practice and how difficult it is to implement interventions and methods that are effective, even in practices with very motivated doctors. Probably, the few minutes spent on SC counselling were not sufficient to achieve significant results.\nThe strengths of the study are the validation of abstinence, the high participation rate of smokers and high completion rate in questionnaires/register forms and the randomized cluster design with relevant analyses. An important strength is the real-life setting.\n\n\nThere are several limitations of the study. Participation rate of the GPs was low, despite intensive reminders, low workload and recommended participation. The participating doctors selected were very active in SC counselling, and more than 3 in 10 doctors frequently referred to other SC activities before the start of the study. This could explain why a systematic offer of referral did not have an additional effect.\nUsing intention-to-treat analyses is a very conservative approach to test the efficacy of the intervention. Also, it is probable that we underestimate the number of ex-smokers due to the low follow-up rate. However, this is due for all three groups and should not affect the result.\nAccording to power calculations, the number of smokers included in Group C was a little low, which may slightly have reduced the study's ability to detect a significant difference between the referral and the non-referral groups.",
      "page": 1
    },
    {
      "type": "TABLE",
      "cells": [
        {
          "value": "54.2",
          "rowHeaders": [
            "Sex ¼ female (%)",
            "Yes, most of them (%)"
          ],
          "columnHeaders": [
            "Table 1 Baseline characteristics of the participating and non-participating GPs (n ¼ 55) (Denmark, 2005)",
            "Participating GPs (Groups",
            "A, B and C) (n ¼ 24)"
          ]
        },
        {
          "value": "19.4",
          "rowHeaders": [
            "Sex ¼ female (%)",
            "Yes, most of them (%)"
          ],
          "columnHeaders": [
            "Table 1 Baseline characteristics of the participating and non-participating GPs (n ¼ 55) (Denmark, 2005)",
            "Non-participating GPs (refused",
            "participation) (n ¼ 31)"
          ]
        },
        {
          "value": "0.022*",
          "rowHeaders": [
            "Sex ¼ female (%)",
            "Yes, most of them (%)"
          ],
          "columnHeaders": [
            "Table 1 Baseline characteristics of the participating and non-participating GPs (n ¼ 55) (Denmark, 2005)",
            "P-value",
            "participation) (n ¼ 31)"
          ]
        },
        {
          "value": "62.5",
          "rowHeaders": [
            "Practice ¼ solo (%)",
            "Yes, most of them (%)"
          ],
          "columnHeaders": [
            "Table 1 Baseline characteristics of the participating and non-participating GPs (n ¼ 55) (Denmark, 2005)",
            "Participating GPs (Groups",
            "A, B and C) (n ¼ 24)"
          ]
        },
        {
          "value": "80.6",
          "rowHeaders": [
            "Practice ¼ solo (%)",
            "Yes, most of them (%)"
          ],
          "columnHeaders": [
            "Table 1 Baseline characteristics of the participating and non-participating GPs (n ¼ 55) (Denmark, 2005)",
            "Non-participating GPs (refused",
            "participation) (n ¼ 31)"
          ]
        },
        {
          "value": "0.134",
          "rowHeaders": [
            "Practice ¼ solo (%)",
            "Yes, most of them (%)"
          ],
          "columnHeaders": [
            "Table 1 Baseline characteristics of the participating and non-participating GPs (n ¼ 55) (Denmark, 2005)",
            "P-value",
            "participation) (n ¼ 31)"
          ]
        },
        {
          "value": "9.5",
          "rowHeaders": [
            "Smoker ¼ yes (%)",
            "Yes, most of them (%)"
          ],
          "columnHeaders": [
            "Table 1 Baseline characteristics of the participating and non-participating GPs (n ¼ 55) (Denmark, 2005)",
            "Participating GPs (Groups",
            "A, B and C) (n ¼ 24)"
          ]
        },
        {
          "value": "10.3",
          "rowHeaders": [
            "Smoker ¼ yes (%)",
            "Yes, most of them (%)"
          ],
          "columnHeaders": [
            "Table 1 Baseline characteristics of the participating and non-participating GPs (n ¼ 55) (Denmark, 2005)",
            "Non-participating GPs (refused",
            "participation) (n ¼ 31)"
          ]
        },
        {
          "value": "0.924",
          "rowHeaders": [
            "Smoker ¼ yes (%)",
            "Yes, most of them (%)"
          ],
          "columnHeaders": [
            "Table 1 Baseline characteristics of the participating and non-participating GPs (n ¼ 55) (Denmark, 2005)",
            "P-value",
            "participation) (n ¼ 31)"
          ]
        },
        {
          "value": "2.0 (1 -10)",
          "rowHeaders": [
            "Daily number of SC counselling [median (range)]",
            "Yes, most of them (%)"
          ],
          "columnHeaders": [
            "Table 1 Baseline characteristics of the participating and non-participating GPs (n ¼ 55) (Denmark, 2005)",
            "Participating GPs (Groups",
            "A, B and C) (n ¼ 24)"
          ]
        },
        {
          "value": "1.0 (0 -5)",
          "rowHeaders": [
            "Daily number of SC counselling [median (range)]",
            "Yes, most of them (%)"
          ],
          "columnHeaders": [
            "Table 1 Baseline characteristics of the participating and non-participating GPs (n ¼ 55) (Denmark, 2005)",
            "Non-participating GPs (refused",
            "participation) (n ¼ 31)"
          ]
        },
        {
          "value": "0.040*",
          "rowHeaders": [
            "Daily number of SC counselling [median (range)]",
            "Yes, most of them (%)"
          ],
          "columnHeaders": [
            "Table 1 Baseline characteristics of the participating and non-participating GPs (n ¼ 55) (Denmark, 2005)",
            "P-value",
            "participation) (n ¼ 31)"
          ]
        },
        {
          "value": "7.1 (+2.0)",
          "rowHeaders": [
            "Priority of SC counselling (0, lowest; 10, highest) [mean (SD)]",
            "Yes, most of them (%)"
          ],
          "columnHeaders": [
            "Table 1 Baseline characteristics of the participating and non-participating GPs (n ¼ 55) (Denmark, 2005)",
            "Participating GPs (Groups",
            "A, B and C) (n ¼ 24)"
          ]
        },
        {
          "value": "7.6 (+2.0)",
          "rowHeaders": [
            "Priority of SC counselling (0, lowest; 10, highest) [mean (SD)]",
            "Yes, most of them (%)"
          ],
          "columnHeaders": [
            "Table 1 Baseline characteristics of the participating and non-participating GPs (n ¼ 55) (Denmark, 2005)",
            "Non-participating GPs (refused",
            "participation) (n ¼ 31)"
          ]
        },
        {
          "value": "0.328",
          "rowHeaders": [
            "Priority of SC counselling (0, lowest; 10, highest) [mean (SD)]",
            "Yes, most of them (%)"
          ],
          "columnHeaders": [
            "Table 1 Baseline characteristics of the participating and non-participating GPs (n ¼ 55) (Denmark, 2005)",
            "P-value",
            "participation) (n ¼ 31)"
          ]
        },
        {
          "value": "0.916",
          "rowHeaders": [
            "Self-efficacy in SC counselling",
            "Yes, most of them (%)"
          ],
          "columnHeaders": [
            "Table 1 Baseline characteristics of the participating and non-participating GPs (n ¼ 55) (Denmark, 2005)",
            "P-value",
            "participation) (n ¼ 31)"
          ]
        },
        {
          "value": "9.5",
          "rowHeaders": [
            "Yes, most of them (%)",
            "High (%)"
          ],
          "columnHeaders": [
            "Table 1 Baseline characteristics of the participating and non-participating GPs (n ¼ 55) (Denmark, 2005)",
            "Participating GPs (Groups",
            "A, B and C) (n ¼ 24)"
          ]
        },
        {
          "value": "6.9",
          "rowHeaders": [
            "Yes, most of them (%)",
            "High (%)"
          ],
          "columnHeaders": [
            "Table 1 Baseline characteristics of the participating and non-participating GPs (n ¼ 55) (Denmark, 2005)",
            "Non-participating GPs (refused",
            "participation) (n ¼ 31)"
          ]
        },
        {
          "value": "57.1",
          "rowHeaders": [
            "Yes, most of them (%)",
            "Acceptable (%)"
          ],
          "columnHeaders": [
            "Table 1 Baseline characteristics of the participating and non-participating GPs (n ¼ 55) (Denmark, 2005)",
            "Participating GPs (Groups",
            "A, B and C) (n ¼ 24)"
          ]
        },
        {
          "value": "62.1",
          "rowHeaders": [
            "Yes, most of them (%)",
            "Acceptable (%)"
          ],
          "columnHeaders": [
            "Table 1 Baseline characteristics of the participating and non-participating GPs (n ¼ 55) (Denmark, 2005)",
            "Non-participating GPs (refused",
            "participation) (n ¼ 31)"
          ]
        },
        {
          "value": "33.3",
          "rowHeaders": [
            "Yes, most of them (%)",
            "Low (%)"
          ],
          "columnHeaders": [
            "Table 1 Baseline characteristics of the participating and non-participating GPs (n ¼ 55) (Denmark, 2005)",
            "Participating GPs (Groups",
            "A, B and C) (n ¼ 24)"
          ]
        },
        {
          "value": "31.0",
          "rowHeaders": [
            "Yes, most of them (%)",
            "Low (%)"
          ],
          "columnHeaders": [
            "Table 1 Baseline characteristics of the participating and non-participating GPs (n ¼ 55) (Denmark, 2005)",
            "Non-participating GPs (refused",
            "participation) (n ¼ 31)"
          ]
        },
        {
          "value": "0.875",
          "rowHeaders": [
            "Usually refers to SC assistance elsewhere",
            "Yes, most of them (%)"
          ],
          "columnHeaders": [
            "Table 1 Baseline characteristics of the participating and non-participating GPs (n ¼ 55) (Denmark, 2005)",
            "P-value",
            "participation) (n ¼ 31)"
          ]
        },
        {
          "value": "22.7",
          "rowHeaders": [
            "Yes, most of them (%)"
          ],
          "columnHeaders": [
            "Table 1 Baseline characteristics of the participating and non-participating GPs (n ¼ 55) (Denmark, 2005)",
            "Participating GPs (Groups",
            "A, B and C) (n ¼ 24)"
          ]
        },
        {
          "value": "20.0",
          "rowHeaders": [
            "Yes, most of them (%)"
          ],
          "columnHeaders": [
            "Table 1 Baseline characteristics of the participating and non-participating GPs (n ¼ 55) (Denmark, 2005)",
            "Non-participating GPs (refused",
            "participation) (n ¼ 31)"
          ]
        },
        {
          "value": "63.6",
          "rowHeaders": [
            "Yes, most of them (%)"
          ],
          "columnHeaders": [
            "Table 1 Baseline characteristics of the participating and non-participating GPs (n ¼ 55) (Denmark, 2005)",
            "Participating GPs (Groups",
            "A, B and C) (n ¼ 24)"
          ]
        },
        {
          "value": "70.0",
          "rowHeaders": [
            "Yes, most of them (%)"
          ],
          "columnHeaders": [
            "Table 1 Baseline characteristics of the participating and non-participating GPs (n ¼ 55) (Denmark, 2005)",
            "Non-participating GPs (refused",
            "participation) (n ¼ 31)"
          ]
        },
        {
          "value": "13.6",
          "rowHeaders": [
            "Yes, most of them (%)"
          ],
          "columnHeaders": [
            "Table 1 Baseline characteristics of the participating and non-participating GPs (n ¼ 55) (Denmark, 2005)",
            "Participating GPs (Groups",
            "A, B and C) (n ¼ 24)"
          ]
        },
        {
          "value": "10.0",
          "rowHeaders": [
            "Yes, some of them (%)"
          ],
          "columnHeaders": [
            "Table 1 Baseline characteristics of the participating and non-participating GPs (n ¼ 55) (Denmark, 2005)",
            "Non-participating GPs (refused",
            "participation) (n ¼ 31)"
          ]
        },
        {
          "value": "0.499",
          "rowHeaders": [
            "Would routinely refer smokers to free SC groups if this was an option",
            "Yes, some of them (%)"
          ],
          "columnHeaders": [
            "Table 1 Baseline characteristics of the participating and non-participating GPs (n ¼ 55) (Denmark, 2005)",
            "P-value",
            "participation) (n ¼ 31)"
          ]
        },
        {
          "value": "72.7",
          "rowHeaders": [
            "Would routinely refer smokers to free SC groups if this was an option",
            "Yes, most of them (%)"
          ],
          "columnHeaders": [
            "Table 1 Baseline characteristics of the participating and non-participating GPs (n ¼ 55) (Denmark, 2005)",
            "Participating GPs (Groups",
            "A, B and C) (n ¼ 24)"
          ]
        },
        {
          "value": "60.0",
          "rowHeaders": [
            "Would routinely refer smokers to free SC groups if this was an option",
            "Yes, most of them (%)"
          ],
          "columnHeaders": [
            "Table 1 Baseline characteristics of the participating and non-participating GPs (n ¼ 55) (Denmark, 2005)",
            "Non-participating GPs (refused",
            "participation) (n ¼ 31)"
          ]
        },
        {
          "value": "27.3",
          "rowHeaders": [
            "Would routinely refer smokers to free SC groups if this was an option",
            "Yes, some of them (%)"
          ],
          "columnHeaders": [
            "Table 1 Baseline characteristics of the participating and non-participating GPs (n ¼ 55) (Denmark, 2005)",
            "Participating GPs (Groups",
            "A, B and C) (n ¼ 24)"
          ]
        },
        {
          "value": "36.7",
          "rowHeaders": [
            "Would routinely refer smokers to free SC groups if this was an option",
            "Yes, some of them (%)"
          ],
          "columnHeaders": [
            "Table 1 Baseline characteristics of the participating and non-participating GPs (n ¼ 55) (Denmark, 2005)",
            "Non-participating GPs (refused",
            "participation) (n ¼ 31)"
          ]
        },
        {
          "value": "0.0",
          "rowHeaders": [
            "No (%)"
          ],
          "columnHeaders": [
            "Table 1 Baseline characteristics of the participating and non-participating GPs (n ¼ 55) (Denmark, 2005)",
            "Participating GPs (Groups",
            "A, B and C) (n ¼ 24)"
          ]
        },
        {
          "value": "3.3",
          "rowHeaders": [
            "No (%)"
          ],
          "columnHeaders": [
            "Table 1 Baseline characteristics of the participating and non-participating GPs (n ¼ 55) (Denmark, 2005)",
            "Non-participating GPs (refused",
            "participation) (n ¼ 31)"
          ]
        }
      ],
      "page": 1
    },
    {
      "type": "TABLE",
      "cells": [
        {
          "value": "61.2",
          "rowHeaders": [
            "Sex ¼ female (%)",
            "Unemployed, ,1 year of vocational training (%)"
          ],
          "columnHeaders": [
            "Table 2 Baseline characteristics of the smokers included in the study (n ¼ 1518) (Denmark, 2005)",
            "Group A (SC",
            "groups) (n ¼ 600)"
          ]
        },
        {
          "value": "63.2",
          "rowHeaders": [
            "Sex ¼ female (%)",
            "Unemployed, ,1 year of vocational training (%)"
          ],
          "columnHeaders": [
            "Table 2 Baseline characteristics of the smokers included in the study (n ¼ 1518) (Denmark, 2005)",
            "Group B (internet)",
            "(n ¼ 476)"
          ]
        },
        {
          "value": "63.4",
          "rowHeaders": [
            "Sex ¼ female (%)",
            "Unemployed, ,1 year of vocational training (%)"
          ],
          "columnHeaders": [
            "Table 2 Baseline characteristics of the smokers included in the study (n ¼ 1518) (Denmark, 2005)",
            "Group C (control)",
            "(n ¼ 442)"
          ]
        },
        {
          "value": "62.6",
          "rowHeaders": [
            "Sex ¼ female (%)",
            "Unemployed, ,1 year of vocational training (%)"
          ],
          "columnHeaders": [
            "Table 2 Baseline characteristics of the smokers included in the study (n ¼ 1518) (Denmark, 2005)",
            "All smokers",
            "(n ¼ 1518)"
          ]
        },
        {
          "value": "0.717",
          "rowHeaders": [
            "Sex ¼ female (%)",
            "Unemployed, ,1 year of vocational training (%)"
          ],
          "columnHeaders": [
            "Table 2 Baseline characteristics of the smokers included in the study (n ¼ 1518) (Denmark, 2005)",
            "P-value",
            "(n ¼ 1518)"
          ]
        },
        {
          "value": "47.45 (+17)",
          "rowHeaders": [
            "Age [mean (SD)]",
            "Unemployed, ,1 year of vocational training (%)"
          ],
          "columnHeaders": [
            "Table 2 Baseline characteristics of the smokers included in the study (n ¼ 1518) (Denmark, 2005)",
            "Group A (SC",
            "groups) (n ¼ 600)"
          ]
        },
        {
          "value": "49.63 (+16)",
          "rowHeaders": [
            "Age [mean (SD)]",
            "Unemployed, ,1 year of vocational training (%)"
          ],
          "columnHeaders": [
            "Table 2 Baseline characteristics of the smokers included in the study (n ¼ 1518) (Denmark, 2005)",
            "Group B (internet)",
            "(n ¼ 476)"
          ]
        },
        {
          "value": "46.97 (+17)",
          "rowHeaders": [
            "Age [mean (SD)]",
            "Unemployed, ,1 year of vocational training (%)"
          ],
          "columnHeaders": [
            "Table 2 Baseline characteristics of the smokers included in the study (n ¼ 1518) (Denmark, 2005)",
            "Group C (control)",
            "(n ¼ 442)"
          ]
        },
        {
          "value": "48.01 (+17)",
          "rowHeaders": [
            "Age [mean (SD)]",
            "Unemployed, ,1 year of vocational training (%)"
          ],
          "columnHeaders": [
            "Table 2 Baseline characteristics of the smokers included in the study (n ¼ 1518) (Denmark, 2005)",
            "All smokers",
            "(n ¼ 1518)"
          ]
        },
        {
          "value": "0.034*",
          "rowHeaders": [
            "Age [mean (SD)]",
            "Unemployed, ,1 year of vocational training (%)"
          ],
          "columnHeaders": [
            "Table 2 Baseline characteristics of the smokers included in the study (n ¼ 1518) (Denmark, 2005)",
            "P-value",
            "(n ¼ 1518)"
          ]
        },
        {
          "value": "17.25 (+9)",
          "rowHeaders": [
            "Tobacco consumption (cigarettes per day) [mean (SD)]",
            "Unemployed, ,1 year of vocational training (%)"
          ],
          "columnHeaders": [
            "Table 2 Baseline characteristics of the smokers included in the study (n ¼ 1518) (Denmark, 2005)",
            "Group A (SC",
            "groups) (n ¼ 600)"
          ]
        },
        {
          "value": "18.12 (+10)",
          "rowHeaders": [
            "Tobacco consumption (cigarettes per day) [mean (SD)]",
            "Unemployed, ,1 year of vocational training (%)"
          ],
          "columnHeaders": [
            "Table 2 Baseline characteristics of the smokers included in the study (n ¼ 1518) (Denmark, 2005)",
            "Group B (internet)",
            "(n ¼ 476)"
          ]
        },
        {
          "value": "16.25 (+8)",
          "rowHeaders": [
            "Tobacco consumption (cigarettes per day) [mean (SD)]",
            "Unemployed, ,1 year of vocational training (%)"
          ],
          "columnHeaders": [
            "Table 2 Baseline characteristics of the smokers included in the study (n ¼ 1518) (Denmark, 2005)",
            "Group C (control)",
            "(n ¼ 442)"
          ]
        },
        {
          "value": "17.24 (+9)",
          "rowHeaders": [
            "Tobacco consumption (cigarettes per day) [mean (SD)]",
            "Unemployed, ,1 year of vocational training (%)"
          ],
          "columnHeaders": [
            "Table 2 Baseline characteristics of the smokers included in the study (n ¼ 1518) (Denmark, 2005)",
            "All smokers",
            "(n ¼ 1518)"
          ]
        },
        {
          "value": "0.028*",
          "rowHeaders": [
            "Tobacco consumption (cigarettes per day) [mean (SD)]",
            "Unemployed, ,1 year of vocational training (%)"
          ],
          "columnHeaders": [
            "Table 2 Baseline characteristics of the smokers included in the study (n ¼ 1518) (Denmark, 2005)",
            "P-value",
            "(n ¼ 1518)"
          ]
        },
        {
          "value": "4.26 (+2)",
          "rowHeaders": [
            "Nicotine dependence (Fagerströ",
            "Unemployed, ,1 year of vocational training (%)",
            "m score) [mean (SD)]"
          ],
          "columnHeaders": [
            "Table 2 Baseline characteristics of the smokers included in the study (n ¼ 1518) (Denmark, 2005)",
            "Group A (SC",
            "groups) (n ¼ 600)"
          ]
        },
        {
          "value": "4.48 (+2)",
          "rowHeaders": [
            "Nicotine dependence (Fagerströ",
            "Unemployed, ,1 year of vocational training (%)",
            "m score) [mean (SD)]"
          ],
          "columnHeaders": [
            "Table 2 Baseline characteristics of the smokers included in the study (n ¼ 1518) (Denmark, 2005)",
            "Group B (internet)",
            "(n ¼ 476)"
          ]
        },
        {
          "value": "4.14 (+2)",
          "rowHeaders": [
            "Nicotine dependence (Fagerströ",
            "Unemployed, ,1 year of vocational training (%)",
            "m score) [mean (SD)]"
          ],
          "columnHeaders": [
            "Table 2 Baseline characteristics of the smokers included in the study (n ¼ 1518) (Denmark, 2005)",
            "Group C (control)",
            "(n ¼ 442)"
          ]
        },
        {
          "value": "4.30 (+2)",
          "rowHeaders": [
            "Nicotine dependence (Fagerströ",
            "Unemployed, ,1 year of vocational training (%)",
            "m score) [mean (SD)]"
          ],
          "columnHeaders": [
            "Table 2 Baseline characteristics of the smokers included in the study (n ¼ 1518) (Denmark, 2005)",
            "All smokers",
            "(n ¼ 1518)"
          ]
        },
        {
          "value": "0.111",
          "rowHeaders": [
            "Nicotine dependence (Fagerströ",
            "Unemployed, ,1 year of vocational training (%)",
            "m score) [mean (SD)]"
          ],
          "columnHeaders": [
            "Table 2 Baseline characteristics of the smokers included in the study (n ¼ 1518) (Denmark, 2005)",
            "P-value",
            "(n ¼ 1518)"
          ]
        },
        {
          "value": "0.175",
          "rowHeaders": [
            "Socioeconomic status",
            "Unemployed, ,1 year of vocational training (%)"
          ],
          "columnHeaders": [
            "Table 2 Baseline characteristics of the smokers included in the study (n ¼ 1518) (Denmark, 2005)",
            "P-value",
            "(n ¼ 1518)"
          ]
        },
        {
          "value": "11.5",
          "rowHeaders": [
            "Tobacco consumption (cigarettes per day) [mean (SD)]",
            "Unemployed, ,1 year of vocational training (%)"
          ],
          "columnHeaders": [
            "Table 2 Baseline characteristics of the smokers included in the study (n ¼ 1518) (Denmark, 2005)",
            "Group A (SC",
            "groups) (n ¼ 600)"
          ]
        },
        {
          "value": "11.1",
          "rowHeaders": [
            "Tobacco consumption (cigarettes per day) [mean (SD)]",
            "Unemployed, ,1 year of vocational training (%)"
          ],
          "columnHeaders": [
            "Table 2 Baseline characteristics of the smokers included in the study (n ¼ 1518) (Denmark, 2005)",
            "Group B (internet)",
            "(n ¼ 476)"
          ]
        },
        {
          "value": "7.2",
          "rowHeaders": [
            "Tobacco consumption (cigarettes per day) [mean (SD)]",
            "Unemployed, ,1 year of vocational training (%)"
          ],
          "columnHeaders": [
            "Table 2 Baseline characteristics of the smokers included in the study (n ¼ 1518) (Denmark, 2005)",
            "Group C (control)",
            "(n ¼ 442)"
          ]
        },
        {
          "value": "10.2",
          "rowHeaders": [
            "Tobacco consumption (cigarettes per day) [mean (SD)]",
            "Unemployed, ,1 year of vocational training (%)"
          ],
          "columnHeaders": [
            "Table 2 Baseline characteristics of the smokers included in the study (n ¼ 1518) (Denmark, 2005)",
            "All smokers",
            "(n ¼ 1518)"
          ]
        },
        {
          "value": "26.2",
          "rowHeaders": [
            "Tobacco consumption (cigarettes per day) [mean (SD)]",
            "Unemployed, 1 year of vocational training (%)"
          ],
          "columnHeaders": [
            "Table 2 Baseline characteristics of the smokers included in the study (n ¼ 1518) (Denmark, 2005)",
            "Group A (SC",
            "groups) (n ¼ 600)"
          ]
        },
        {
          "value": "30.8",
          "rowHeaders": [
            "Tobacco consumption (cigarettes per day) [mean (SD)]",
            "Unemployed, 1 year of vocational training (%)"
          ],
          "columnHeaders": [
            "Table 2 Baseline characteristics of the smokers included in the study (n ¼ 1518) (Denmark, 2005)",
            "Group B (internet)",
            "(n ¼ 476)"
          ]
        },
        {
          "value": "28.6",
          "rowHeaders": [
            "Tobacco consumption (cigarettes per day) [mean (SD)]",
            "Unemployed, 1 year of vocational training (%)"
          ],
          "columnHeaders": [
            "Table 2 Baseline characteristics of the smokers included in the study (n ¼ 1518) (Denmark, 2005)",
            "Group C (control)",
            "(n ¼ 442)"
          ]
        },
        {
          "value": "28.2",
          "rowHeaders": [
            "Tobacco consumption (cigarettes per day) [mean (SD)]",
            "Unemployed, 1 year of vocational training (%)"
          ],
          "columnHeaders": [
            "Table 2 Baseline characteristics of the smokers included in the study (n ¼ 1518) (Denmark, 2005)",
            "All smokers",
            "(n ¼ 1518)"
          ]
        },
        {
          "value": "10.0",
          "rowHeaders": [
            "Tobacco consumption (cigarettes per day) [mean (SD)]",
            "Employed, ,1 year of vocational training (%)"
          ],
          "columnHeaders": [
            "Table 2 Baseline characteristics of the smokers included in the study (n ¼ 1518) (Denmark, 2005)",
            "Group A (SC",
            "groups) (n ¼ 600)"
          ]
        },
        {
          "value": "10.6",
          "rowHeaders": [
            "Tobacco consumption (cigarettes per day) [mean (SD)]",
            "Employed, ,1 year of vocational training (%)"
          ],
          "columnHeaders": [
            "Table 2 Baseline characteristics of the smokers included in the study (n ¼ 1518) (Denmark, 2005)",
            "Group B (internet)",
            "(n ¼ 476)"
          ]
        },
        {
          "value": "12.8",
          "rowHeaders": [
            "Tobacco consumption (cigarettes per day) [mean (SD)]",
            "Employed, ,1 year of vocational training (%)"
          ],
          "columnHeaders": [
            "Table 2 Baseline characteristics of the smokers included in the study (n ¼ 1518) (Denmark, 2005)",
            "Group C (control)",
            "(n ¼ 442)"
          ]
        },
        {
          "value": "11.2",
          "rowHeaders": [
            "Tobacco consumption (cigarettes per day) [mean (SD)]",
            "Employed, ,1 year of vocational training (%)"
          ],
          "columnHeaders": [
            "Table 2 Baseline characteristics of the smokers included in the study (n ¼ 1518) (Denmark, 2005)",
            "All smokers",
            "(n ¼ 1518)"
          ]
        },
        {
          "value": "52.2",
          "rowHeaders": [
            "Tobacco consumption (cigarettes per day) [mean (SD)]",
            "Employed, 1 year of vocational training (%)"
          ],
          "columnHeaders": [
            "Table 2 Baseline characteristics of the smokers included in the study (n ¼ 1518) (Denmark, 2005)",
            "Group A (SC",
            "groups) (n ¼ 600)"
          ]
        },
        {
          "value": "47.6",
          "rowHeaders": [
            "Tobacco consumption (cigarettes per day) [mean (SD)]",
            "Employed, 1 year of vocational training (%)"
          ],
          "columnHeaders": [
            "Table 2 Baseline characteristics of the smokers included in the study (n ¼ 1518) (Denmark, 2005)",
            "Group B (internet)",
            "(n ¼ 476)"
          ]
        },
        {
          "value": "51.3",
          "rowHeaders": [
            "Tobacco consumption (cigarettes per day) [mean (SD)]",
            "Employed, 1 year of vocational training (%)"
          ],
          "columnHeaders": [
            "Table 2 Baseline characteristics of the smokers included in the study (n ¼ 1518) (Denmark, 2005)",
            "Group C (control)",
            "(n ¼ 442)"
          ]
        },
        {
          "value": "50.3",
          "rowHeaders": [
            "Tobacco consumption (cigarettes per day) [mean (SD)]",
            "Employed, 1 year of vocational training (%)"
          ],
          "columnHeaders": [
            "Table 2 Baseline characteristics of the smokers included in the study (n ¼ 1518) (Denmark, 2005)",
            "All smokers",
            "(n ¼ 1518)"
          ]
        },
        {
          "value": "0.077",
          "rowHeaders": [
            "Wish to quit"
          ],
          "columnHeaders": [
            "Table 2 Baseline characteristics of the smokers included in the study (n ¼ 1518) (Denmark, 2005)",
            "P-value",
            "(n ¼ 1518)"
          ]
        },
        {
          "value": "24.3",
          "rowHeaders": [
            "Very much (%)"
          ],
          "columnHeaders": [
            "Table 2 Baseline characteristics of the smokers included in the study (n ¼ 1518) (Denmark, 2005)",
            "Group A (SC",
            "groups) (n ¼ 600)"
          ]
        },
        {
          "value": "24.4",
          "rowHeaders": [
            "Very much (%)"
          ],
          "columnHeaders": [
            "Table 2 Baseline characteristics of the smokers included in the study (n ¼ 1518) (Denmark, 2005)",
            "Group B (internet)",
            "(n ¼ 476)"
          ]
        },
        {
          "value": "23.5",
          "rowHeaders": [
            "Very much (%)"
          ],
          "columnHeaders": [
            "Table 2 Baseline characteristics of the smokers included in the study (n ¼ 1518) (Denmark, 2005)",
            "Group C (control)",
            "(n ¼ 442)"
          ]
        },
        {
          "value": "24.0",
          "rowHeaders": [
            "Very much (%)"
          ],
          "columnHeaders": [
            "Table 2 Baseline characteristics of the smokers included in the study (n ¼ 1518) (Denmark, 2005)",
            "All smokers",
            "(n ¼ 1518)"
          ]
        },
        {
          "value": "29.2",
          "rowHeaders": [
            "Much (%)"
          ],
          "columnHeaders": [
            "Table 2 Baseline characteristics of the smokers included in the study (n ¼ 1518) (Denmark, 2005)",
            "Group A (SC",
            "groups) (n ¼ 600)"
          ]
        },
        {
          "value": "31.7",
          "rowHeaders": [
            "Much (%)"
          ],
          "columnHeaders": [
            "Table 2 Baseline characteristics of the smokers included in the study (n ¼ 1518) (Denmark, 2005)",
            "Group B (internet)",
            "(n ¼ 476)"
          ]
        },
        {
          "value": "24.5",
          "rowHeaders": [
            "Much (%)"
          ],
          "columnHeaders": [
            "Table 2 Baseline characteristics of the smokers included in the study (n ¼ 1518) (Denmark, 2005)",
            "Group C (control)",
            "(n ¼ 442)"
          ]
        },
        {
          "value": "28.6",
          "rowHeaders": [
            "Much (%)"
          ],
          "columnHeaders": [
            "Table 2 Baseline characteristics of the smokers included in the study (n ¼ 1518) (Denmark, 2005)",
            "All smokers",
            "(n ¼ 1518)"
          ]
        },
        {
          "value": "33.7",
          "rowHeaders": [
            "Only a little (%)"
          ],
          "columnHeaders": [
            "Table 2 Baseline characteristics of the smokers included in the study (n ¼ 1518) (Denmark, 2005)",
            "Group A (SC",
            "groups) (n ¼ 600)"
          ]
        },
        {
          "value": "28.0",
          "rowHeaders": [
            "Only a little (%)"
          ],
          "columnHeaders": [
            "Table 2 Baseline characteristics of the smokers included in the study (n ¼ 1518) (Denmark, 2005)",
            "Group B (internet)",
            "(n ¼ 476)"
          ]
        },
        {
          "value": "36.5",
          "rowHeaders": [
            "Only a little (%)"
          ],
          "columnHeaders": [
            "Table 2 Baseline characteristics of the smokers included in the study (n ¼ 1518) (Denmark, 2005)",
            "Group C (control)",
            "(n ¼ 442)"
          ]
        },
        {
          "value": "32.8",
          "rowHeaders": [
            "Only a little (%)"
          ],
          "columnHeaders": [
            "Table 2 Baseline characteristics of the smokers included in the study (n ¼ 1518) (Denmark, 2005)",
            "All smokers",
            "(n ¼ 1518)"
          ]
        },
        {
          "value": "12.8",
          "rowHeaders": [
            "Not at all (%)"
          ],
          "columnHeaders": [
            "Table 2 Baseline characteristics of the smokers included in the study (n ¼ 1518) (Denmark, 2005)",
            "Group A (SC",
            "groups) (n ¼ 600)"
          ]
        },
        {
          "value": "15.9",
          "rowHeaders": [
            "Not at all (%)"
          ],
          "columnHeaders": [
            "Table 2 Baseline characteristics of the smokers included in the study (n ¼ 1518) (Denmark, 2005)",
            "Group B (internet)",
            "(n ¼ 476)"
          ]
        },
        {
          "value": "15.5",
          "rowHeaders": [
            "Not at all (%)"
          ],
          "columnHeaders": [
            "Table 2 Baseline characteristics of the smokers included in the study (n ¼ 1518) (Denmark, 2005)",
            "Group C (control)",
            "(n ¼ 442)"
          ]
        },
        {
          "value": "14.6",
          "rowHeaders": [
            "Not at all (%)"
          ],
          "columnHeaders": [
            "Table 2 Baseline characteristics of the smokers included in the study (n ¼ 1518) (Denmark, 2005)",
            "All smokers",
            "(n ¼ 1518)"
          ]
        },
        {
          "value": "0.046*",
          "rowHeaders": [
            "Motivation to quit"
          ],
          "columnHeaders": [
            "Table 2 Baseline characteristics of the smokers included in the study (n ¼ 1518) (Denmark, 2005)",
            "P-value",
            "(n ¼ 1518)"
          ]
        },
        {
          "value": "19.3",
          "rowHeaders": [
            "Previous smoking related health problems ¼ yes (%)",
            "Is planning to quit within 1 month (%)"
          ],
          "columnHeaders": [
            "Table 2 Baseline characteristics of the smokers included in the study (n ¼ 1518) (Denmark, 2005)",
            "Group A (SC",
            "groups) (n ¼ 600)"
          ]
        },
        {
          "value": "18.5",
          "rowHeaders": [
            "Previous smoking related health problems ¼ yes (%)",
            "Is planning to quit within 1 month (%)"
          ],
          "columnHeaders": [
            "Table 2 Baseline characteristics of the smokers included in the study (n ¼ 1518) (Denmark, 2005)",
            "Group B (internet)",
            "(n ¼ 476)"
          ]
        },
        {
          "value": "15.3",
          "rowHeaders": [
            "Previous smoking related health problems ¼ yes (%)",
            "Is planning to quit within 1 month (%)"
          ],
          "columnHeaders": [
            "Table 2 Baseline characteristics of the smokers included in the study (n ¼ 1518) (Denmark, 2005)",
            "Group C (control)",
            "(n ¼ 442)"
          ]
        },
        {
          "value": "17.9",
          "rowHeaders": [
            "Previous smoking related health problems ¼ yes (%)",
            "Is planning to quit within 1 month (%)"
          ],
          "columnHeaders": [
            "Table 2 Baseline characteristics of the smokers included in the study (n ¼ 1518) (Denmark, 2005)",
            "All smokers",
            "(n ¼ 1518)"
          ]
        },
        {
          "value": "40.2",
          "rowHeaders": [
            "Previous smoking related health problems ¼ yes (%)",
            "Is contemplating to quit within 6 month (%)"
          ],
          "columnHeaders": [
            "Table 2 Baseline characteristics of the smokers included in the study (n ¼ 1518) (Denmark, 2005)",
            "Group A (SC",
            "groups) (n ¼ 600)"
          ]
        },
        {
          "value": "42.2",
          "rowHeaders": [
            "Previous smoking related health problems ¼ yes (%)",
            "Is contemplating to quit within 6 month (%)"
          ],
          "columnHeaders": [
            "Table 2 Baseline characteristics of the smokers included in the study (n ¼ 1518) (Denmark, 2005)",
            "Group B (internet)",
            "(n ¼ 476)"
          ]
        },
        {
          "value": "36.0",
          "rowHeaders": [
            "Previous smoking related health problems ¼ yes (%)",
            "Is contemplating to quit within 6 month (%)"
          ],
          "columnHeaders": [
            "Table 2 Baseline characteristics of the smokers included in the study (n ¼ 1518) (Denmark, 2005)",
            "Group C (control)",
            "(n ¼ 442)"
          ]
        },
        {
          "value": "39.7",
          "rowHeaders": [
            "Previous smoking related health problems ¼ yes (%)",
            "Is contemplating to quit within 6 month (%)"
          ],
          "columnHeaders": [
            "Table 2 Baseline characteristics of the smokers included in the study (n ¼ 1518) (Denmark, 2005)",
            "All smokers",
            "(n ¼ 1518)"
          ]
        },
        {
          "value": "40.5",
          "rowHeaders": [
            "Previous smoking related health problems ¼ yes (%)",
            "Is not contemplating to quit (%)"
          ],
          "columnHeaders": [
            "Table 2 Baseline characteristics of the smokers included in the study (n ¼ 1518) (Denmark, 2005)",
            "Group A (SC",
            "groups) (n ¼ 600)"
          ]
        },
        {
          "value": "39.3",
          "rowHeaders": [
            "Previous smoking related health problems ¼ yes (%)",
            "Is not contemplating to quit (%)"
          ],
          "columnHeaders": [
            "Table 2 Baseline characteristics of the smokers included in the study (n ¼ 1518) (Denmark, 2005)",
            "Group B (internet)",
            "(n ¼ 476)"
          ]
        },
        {
          "value": "48.8",
          "rowHeaders": [
            "Previous smoking related health problems ¼ yes (%)",
            "Is not contemplating to quit (%)"
          ],
          "columnHeaders": [
            "Table 2 Baseline characteristics of the smokers included in the study (n ¼ 1518) (Denmark, 2005)",
            "Group C (control)",
            "(n ¼ 442)"
          ]
        },
        {
          "value": "42.4",
          "rowHeaders": [
            "Previous smoking related health problems ¼ yes (%)",
            "Is not contemplating to quit (%)"
          ],
          "columnHeaders": [
            "Table 2 Baseline characteristics of the smokers included in the study (n ¼ 1518) (Denmark, 2005)",
            "All smokers",
            "(n ¼ 1518)"
          ]
        },
        {
          "value": "70.7",
          "rowHeaders": [
            "Previous serious quit attempt ¼ yes (%)"
          ],
          "columnHeaders": [
            "Table 2 Baseline characteristics of the smokers included in the study (n ¼ 1518) (Denmark, 2005)",
            "Group A (SC",
            "groups) (n ¼ 600)"
          ]
        },
        {
          "value": "66.3",
          "rowHeaders": [
            "Previous serious quit attempt ¼ yes (%)"
          ],
          "columnHeaders": [
            "Table 2 Baseline characteristics of the smokers included in the study (n ¼ 1518) (Denmark, 2005)",
            "Group B (internet)",
            "(n ¼ 476)"
          ]
        },
        {
          "value": "68.5",
          "rowHeaders": [
            "Previous serious quit attempt ¼ yes (%)"
          ],
          "columnHeaders": [
            "Table 2 Baseline characteristics of the smokers included in the study (n ¼ 1518) (Denmark, 2005)",
            "Group C (control)",
            "(n ¼ 442)"
          ]
        },
        {
          "value": "68.7",
          "rowHeaders": [
            "Previous serious quit attempt ¼ yes (%)"
          ],
          "columnHeaders": [
            "Table 2 Baseline characteristics of the smokers included in the study (n ¼ 1518) (Denmark, 2005)",
            "All smokers",
            "(n ¼ 1518)"
          ]
        },
        {
          "value": "0.321",
          "rowHeaders": [
            "Previous serious quit attempt ¼ yes (%)"
          ],
          "columnHeaders": [
            "Table 2 Baseline characteristics of the smokers included in the study (n ¼ 1518) (Denmark, 2005)",
            "P-value",
            "(n ¼ 1518)"
          ]
        },
        {
          "value": "2.0 (0- 91)",
          "rowHeaders": [
            "Quit attempts (number) [median (range)]"
          ],
          "columnHeaders": [
            "Table 2 Baseline characteristics of the smokers included in the study (n ¼ 1518) (Denmark, 2005)",
            "Group A (SC",
            "groups) (n ¼ 600)"
          ]
        },
        {
          "value": "2.0 (1- 32)",
          "rowHeaders": [
            "Quit attempts (number) [median (range)]"
          ],
          "columnHeaders": [
            "Table 2 Baseline characteristics of the smokers included in the study (n ¼ 1518) (Denmark, 2005)",
            "Group B (internet)",
            "(n ¼ 476)"
          ]
        },
        {
          "value": "2.0 (1- 99)",
          "rowHeaders": [
            "Quit attempts (number) [median (range)]"
          ],
          "columnHeaders": [
            "Table 2 Baseline characteristics of the smokers included in the study (n ¼ 1518) (Denmark, 2005)",
            "Group C (control)",
            "(n ¼ 442)"
          ]
        },
        {
          "value": "2.0 (0 - 99)",
          "rowHeaders": [
            "Quit attempts (number) [median (range)]"
          ],
          "columnHeaders": [
            "Table 2 Baseline characteristics of the smokers included in the study (n ¼ 1518) (Denmark, 2005)",
            "All smokers",
            "(n ¼ 1518)"
          ]
        },
        {
          "value": "0.807",
          "rowHeaders": [
            "Quit attempts (number) [median (range)]"
          ],
          "columnHeaders": [
            "Table 2 Baseline characteristics of the smokers included in the study (n ¼ 1518) (Denmark, 2005)",
            "P-value",
            "(n ¼ 1518)"
          ]
        },
        {
          "value": "42.8",
          "rowHeaders": [
            "Previous smoking related health problems ¼ yes (%)"
          ],
          "columnHeaders": [
            "Table 2 Baseline characteristics of the smokers included in the study (n ¼ 1518) (Denmark, 2005)",
            "Group A (SC",
            "groups) (n ¼ 600)"
          ]
        },
        {
          "value": "44.5",
          "rowHeaders": [
            "Previous smoking related health problems ¼ yes (%)"
          ],
          "columnHeaders": [
            "Table 2 Baseline characteristics of the smokers included in the study (n ¼ 1518) (Denmark, 2005)",
            "Group B (internet)",
            "(n ¼ 476)"
          ]
        },
        {
          "value": "37.9",
          "rowHeaders": [
            "Previous smoking related health problems ¼ yes (%)"
          ],
          "columnHeaders": [
            "Table 2 Baseline characteristics of the smokers included in the study (n ¼ 1518) (Denmark, 2005)",
            "Group C (control)",
            "(n ¼ 442)"
          ]
        },
        {
          "value": "41.8",
          "rowHeaders": [
            "Previous smoking related health problems ¼ yes (%)"
          ],
          "columnHeaders": [
            "Table 2 Baseline characteristics of the smokers included in the study (n ¼ 1518) (Denmark, 2005)",
            "All smokers",
            "(n ¼ 1518)"
          ]
        },
        {
          "value": "0.129",
          "rowHeaders": [
            "Previous smoking related health problems ¼ yes (%)"
          ],
          "columnHeaders": [
            "Table 2 Baseline characteristics of the smokers included in the study (n ¼ 1518) (Denmark, 2005)",
            "P-value",
            "(n ¼ 1518)"
          ]
        },
        {
          "value": "0.05.",
          "rowHeaders": [
            "*P ,"
          ],
          "columnHeaders": [
            "Table 2 Baseline characteristics of the smokers included in the study (n ¼ 1518) (Denmark, 2005)",
            "Group A (SC",
            "groups) (n ¼ 600)"
          ]
        }
      ],
      "page": 1
    }
  ]
}
