{
  "title": "Effectiveness of a brief community outreach tobacco cessation intervention in India: a cluster-randomised controlled trial (the BABEX Trial)",
  "shortTitle": "Sarkar (2016)",
  "filename": "2016 Babex trial main outcome paper.pdf",
  "introduction": "",
  "content": [
    {
      "type": "TEXT",
      "text": "Effectiveness of a brief community outreach tobacco cessation intervention in India: a cluster-randomised controlled trial (the BABEX Trial)\n\n\n\nTobacco use causes six million premature deaths each year, most in low-income and middle-income countries (LMICs), and one million in India alone. Even small increases in long-term tobacco cessation rates can have an important public health impact. Combatting the tobacco epidemic requires a comprehensive, global strategy including taxation, smoke-free policies, and dedicated healthcare services to encourage and support cessation. However, implementation in LMICs has been limited, hampered by weak regulatory and enforcement infrastructure. Cheap, scalable tobacco cessation interventions that build on existing infrastructure could strengthen tobacco control in the Indian context. Brief opportunistic advice from a health worker has been found to be a highly cost-effective intervention to promote smoking cessation in highincome countries (HICs), increasing 12-month quit rates by one to three percentage points and offering assistance is an important part of the process. However, there is limited evidence on the effectiveness of quit advice in LMICs, from nonphysicians, or for smokeless tobacco use. These represent important gaps in the evidence base.\n▸ Does a potentially low-cost and scalable community-outreach intervention, single session advice (15 min) to stop tobacco use combined with training in yogic breathing exercise, increase abstinence rates from tobacco use in the context of a low-middle income country (LMIC) compared with very brief quit advice (1 min) alone?\nWhat is the bottom line?\n▸ A simple, cheap and potentially scalable community-outreach intervention increases smoked and smokeless tobacco cessation in India, producing an effect size similar to that of brief physician advice in high-income countries.\nWhy read on?\n▸ Given the number of tobacco users and limited resources in LMIC, there is a need to develop cheap and scalable interventions to combat tobacco use and, to our knowledge, this is the first trial to establish the effectiveness of a single session community outreach intervention to stop tobacco use in low-income communities in any LMIC worldwide.\nThis paper attempts to fill these gaps, evaluating an intervention of single session smoked and smokeless tobacco cessation advice plus a single session of yogic breathing exercises, delivered by healthcare professionals via community outreach in India. Tobacco use, a major cause of health inequalities, is more prevalent and quit success rates are lower in deprived groups. Even within poorer countries, there is a gradient in tobacco use. While there is a need to improve support across all societal strata in LMICs, arguably, it is particularly important to focus on low-income communities within those countries by outreach to involve tobacco users who would not otherwise come into contact with health services. Given limited resources, and alack of affordable pharmacotherapy with proven effectiveness for smokeless tobacco users, providing assistance presents a challenge in LMICs such as India with more smokeless tobacco users than smokers. 12 A promising and culturally appropriate option in this context is the use of yogic breathing exercises, known as 'Pranayama'. These are easy to learn and practice, and there is preliminary evidence they can reduce cigarette cravings 13 14 and promote quitting. We therefore developed a brief community outreach intervention that included training on simple breathing exercises to control cravings to aid cessation.\nIdeally, an evaluation of a multi-component intervention would involve multiple experimental conditions allowing determination of active components. Unfortunately, with limited resources the main priority is to find an intervention that works. Understanding how it can be optimised can be done once this 'base camp' has been established. Therefore we opted fora pragmatic, effectiveness trial of an intervention compared with the closest to 'usual care' that was ethically acceptable, undertaken in conditions mimicking what is feasible in routine practice. Cluster rather than individual randomisation was chosen to minimise risk of contamination given the close-knit nature of these communities. Both treatment delivery and assessment were at an individual level. Following guidelines on complex intervention development and evaluation, this study built on the extensive work on brief advice from HIC, and proof of concept studies on breathing exercises as well as field studies in this particular setting. Specifically, the present study sought to answer the following research question: how effective is single session quit advice (15 min) with instruction on simple breathing exercises compared with very brief advice (VBA) alone (1 min) in promoting tobacco cessation when delivered by outreach workers in low-income communities in India?\n\n\n\n\nThis pragmatic, cluster-randomised controlled trial set in lowincome communities (urban slums) compared two treatments: the intervention arm included a single face-to-face session of quit advice plus a single training session on yogic breathing exercises (BA-YBE); the control arm comprised VBA alone. Assessments were performed at baseline (immediately before treatment delivery), 4 weeks and 7 months after delivery of the treatments. The study was approved by the UCL (3051/002) and Public Health Foundation of India (TRC-IEC-122/11) ethics committees.\n\n\nEligible participants were any current, daily, adult tobacco user aged 23 years or above, living in selected low-income communities, who provided consent to participate. Recruitment into the study started in July 2012 and the trial concluded in November 2013. The proposed study area contained approximately 36 000 adults living in 32 randomly selected administrative blocks of large communities spread over a wide geographical area in Delhi, India. These low-income communities had been selected fora previous tobacco study conducted among youths aged 10-19 years in 2009, 18 therefore only adults aged 23 or above were eligible to avoid contamination with the previous study.\n\n\nParticipants in the intervention condition received a single session of tobacco quit advice lasting an average of 15 min, and short training in two yogic breathing exercises. The quit advice contained behaviour change techniques which have been shown to improve quit rates, including coping training, medication advice, social support and relapse prevention. Two breathing exercises which are easy to learn and practise, 'Kapalbhati' (normal deep inhalation-forceful exhalation) and 'Anulom vilom' (alternate nostril breathing), were chosen as they are culturally appropriate and have been shown to control cravings. A written standard operating procedure was followed by the research team, including a script for quit advice and a standard video for training on yogic breathing exercises to increase fidelity. Further details are available in the published protocol.\n\n\nWhilst a control condition with no advice on tobacco use ('usual care') would be preferable to assess the full intervention effect, this was considered unethical. Therefore a single control session involving very brief quit advice 21 was used. This provided verbal information about the harmful effects of tobacco use and advice to stop tobacco use and lasted on average 1 min.\n\n\nA census survey of adults in urban low-income communities of Delhi was conducted to establish an appropriate sampling frame for this study. As low-income blocks in the study area are stratified into two community types (government authorised 'resettlement colonies' and unauthorised settlements called 'Jhuggi-Jhopri' or 'JJ clusters'), an equal number of both were identified for inclusion. The clusters were identified and a list of all eligible tobacco users finalised within each cluster prior to randomisation of clusters to the intervention or control arm. The random sequence was computer generated and blocked to ensure equal numbers of each community type in the intervention and control conditions. Based on the random sequence, 16 clusters (8 from each community type) were allocated to the treatment (BA-YBE) and control (VBA) arm, respectively. While participants were blind to allocation, being a cluster-randomised trial, concealment of allocation to the research team was not feasible.\nThe baseline interview was conducted at the doorstep of potential participants and those identified as tobacco users were invited to participate. Each cluster was divided into three to four geographical parts (streets/lanes/outer/inner) comprising an equal number of households from which an equal number of participants were approached. Those willing to provide consent were checked for eligibility and formal written consent was obtained. In the case of multiple eligible participants in the same household, the first consenting tobacco user identified in the sampling frame was recruited.\nThe treatment delivery team consisted of two members, a medical graduate researcher ( physician) and afield investigator (community health worker) trained and initially supervised by the medical graduate researcher. The intervention was delivered by either of them. The field investigators were given 1 day f classroom training for intervention delivery using standard tools like a script for quit advice and use of a standard video for training in yogic breathing exercises. All content was delivered face to face in non-technical, local language (Hindi) in both groups. Follow-up visits comprised face-to-face interviews at the residence of participants, 4 weeks and 7 months after the baseline visit. Due to cluster randomization, blinding was not feasible but follow-up was carried out by a different team of field investigators.\n\n\nAll measures, including outcome measures, were pre-specified and defined in the ISRCTN Registry and published protocol. The primary outcome measure, 6-month sustained abstinence, was defined as per Russell Standard (RS) criteria, allowing a maximum of five instances of tobacco use (in whichever form) in the 6 months preceding the follow-up conducted 7 months after treatment delivery, and was biochemically validated. As the sample included smokeless and smoked tobacco users, salivary cotinine was used to detect tobacco exposure, assessed by ELISA with a cut-off of 20 ng/mL, equivalent to the 13 ng/mL used for the gas chromatography mass spectrometry method. Self-reported abstainers above the cut-off were considered to be continuing tobacco users as were participants lost to follow-up, in accordance with the intention-to-treat principle and RS criteria. Nicotine replacement therapy (NRT) and other medication use was assessed at follow-up to exclude false-positive cotinine results.\nThe secondary outcome measure was 7-day biochemically validated point prevalence abstinence assessed 7 months after treatment delivery. At the 4-week follow-up, all participants were asked whether they had used tobacco in the past 7 days (7-day point prevalence), and intervention group participants were also asked how often they had used the yogic breathing exercises and how useful they had found them on a seven-point scale, ranging from 'not at all' to 'very helpful'.\nAt baseline, standard socio-demographic and smoking characteristics were assessed. In addition to age, sex and marital status, participants were asked about employment status (employed vs other), highest educational attainment (at least primary education vs not), caste (lower caste vs other) and household income (≤5000 vs >5000 rupees/month). Participants were asked when they started tobacco use, dependence (assessed with the heaviness of smoking index, 24 modified for smokeless tobacco users), quit attempts in the past year, length of the attempt and whether support was used as well as how confident they felt about stopping smoking on a sevenpoint scale ranging from 'not at all confident' to 'very confident'. Lastly, adverse and serious adverse events were monitored and recorded by the medical graduate researcher throughout the study.\n\n\nThe initial power calculation based on 32 clusters indicated that 31 participants per cluster would be needed for 90% power to detect a 5% difference in quit rates between the treatment and control group in two-tailed analysis (7% vs 2%). The effect estimate was based on early, similar work and assumed an intra-cluster correlation co-efficient (ICC) of 0.01, typical in this kind of study, and a design effect of 1.24 to account for cluster randomisation. However, as low-intensity interventions can have substantial attrition rates (in trials using evidence-based methods to increase response rates, dropout rates of 20-25% at 6-month follow-up are common) which reduces the power to detect effects in an intention-to-treat design and due to the uncertainty around the ICC estimate, we over-recruited by 20% per cluster (37.2 participants, rounded up to 38 participants), resulting in a final target sample size of 1216 (38×32 clusters). This sample size also provided 90% power to detect a larger difference (8%) in subgroup analyses.\n\n\nPrimary and secondary smoking cessation outcomes and baseline group differences were analysed with a mixed-effects logbinomial or linear regression with appropriate link functions for categorical (log/logit-binomial) and continuous (identity Gaussian) outcome variables using the 'lme4' package in R (V.3.2.0) (Bates DM. lme4: Mixed-effects modelling with R: Springer, 2010) to account for clustered observations, which is preferable to the protocol-specified complex samples analysis. All other analyses were conducted in STATA (V.13.1). Results from the conditional/cluster-specific models were confirmed with marginal/population-averaged models using generalised estimating equations ('xtgee' command) with an exchangeable correlation matrix to account for clustering, and ICC was determined using the analysis of variance method. In planned subgroup analyses, intervention by participant (smoked vs smokeless tobacco and dual product users) and intervention by provider (trained health professional vs trained field health workers) interaction terms were included in models to assess homogeneity of the effect across these subgroups. In sensitivity analysis, we analysed only those who actually received the treatment and effect estimates were adjusted for covariates to account for chance imbalances in baseline characteristics between intervention and control conditions. Significance levels for multiple comparisons were adjusted with the Benjamini-Hochberg procedure. The study was registered with the International Standard Randomised Controlled Trial Number Registry (number ISRCTCN23362894)., 85.9% (1213/1412) of eligible tobacco users approached between January 2012 and November 2013 agreed to take part in the study; the most common reason for not taking part was lack of interest. The follow-up rate at final endpoint was high at 95.3% (1158/1213) and did not differ between arms. There were no differences in baseline characteristics between those who were and were not followed up.\n\n\n\n\nThe sample of tobacco users recruited was largely male, middle aged, married, in employment, with at least a primary education, most were relatively deprived as measured by household income and nearly half were from the lower caste. There were slightly more tobacco smokers than smokeless tobacco users; a substantial proportion were dual users. Most had been using tobacco products for 20 years and were moderately dependent. A fifth had made a quit attempt in the last year, and past quit attempts had lasted up to 2 months, but very few had previously used any quit support. Participants were generally confident in their ability to quit. There were no chance imbalances between groups with the exception of caste: significantly more participants in the intervention than control group were lower caste.\nRegarding the primary outcome, 2.6% (16/611) of participants were continuously abstinent at 6 months as per RS criteria, validated by saliva cotinine. Intention-to-treat analysis showed that participants in the intervention group were about five times more likely to be abstinent at 6 months than those in the control group; absolute abstinence rates were increased by 2%, yielding a number needed to treat of 48 to produce an additional quitter. This difference did not materially alter and remained significant when controlling for all other covariates.\nValidated 7-day point prevalence at 6 months in the total sample was marginally higher at 2.0% (24/1213). Participants in the intervention group were nearly four times more likely to achieve 7-day abstinence at 6 months than those in the intervention group and as before results did not materially change when controlling for other covariates.\nOverall self-reported 7-day point prevalence at 4 weeks was 9.3% (113/1213). As with the primary and secondary outcomes, abstinence rates were significantly higher in the intervention group than the control group, more than doubling (RR 2.03; 95% CI 1.30 to 3.19; p=0.002) to 12.4% (76/611) from 6.1% (37/602). At 4-week follow-up, 61.1% (373/611) in the intervention group had continued to use the breathing exercises, a fifth (19.0% (116/611)) on most days. They rated the breathing exercises as helpful (mean=5.3, SD=1.8). No adverse or serious adverse events were reported.\nIn pre-specified per protocol analyses of the primary outcome, we analysed data from participants who had actually received treatment, given that significantly more participants in the intervention group than the control group (3.4% (21/611) vs 1.2% (7/602); p=0.03) missed their treatment. This did not alter the effect of the intervention (RR 5.48; 95% CI 1.46 to 20.51; p=0.01). We also included potential effect modifiers, the type of tobacco used (smoked vs smokeless, excluding dual users), poly-use (dual vs single use) and intervention provider (trained health professional vs trained field health workers), as interaction terms in the main model to assess whether effects differed between these groups. There was no evidence that type of product used ( p interaction =0.32), poly-use ( p interaction =0.85) or the intervention provider (p interaction =0.90) affected the outcome.\n\n\nIna trial of tobacco users from low-income communities in India, 6-month sustained biochemically verified abstinence rates were increased fivefold by a low-cost intervention combining single session quit advice with yogic breathing exercises when compared with very brief quit advice alone. The increase of 2% in absolute quit rates is close to that obtained by other lowintensity interventions observed in HIC. These results also compare favourably with previous evaluations of more intensive interventions in LMIC which roughly double shortterm abstinence rates from tobacco. While the absolute quit rates were lower than expected, this may not only reflect the simplicity of the intervention which did not provide any pharmacological support but also the broader challenge of making behaviour change interventions relevant in the context of extreme deprivation, as has been observed elsewhere. However, since it is non-physician based, it is potentially scalable in settings like India with an inadequate healthcare delivery system especially for populations with limited access to physicians or medications. It is noteworthy that the average family income of participants was £50 per month or less than £2 per day, which makes even NRT unaffordable unless funded by the government. At follow-up, use of NRT and other medications Numbers of participants and clusters enrolled in the study and included in the primary analysis.  *Outcome measures were biochemically verified using saliva cotinine; all participants reporting no tobacco use at final follow-up were asked to provide a saliva samples. Failure to provide biochemical verification was low (1.2% (14/1213); there were no differences by treatment group) with those not providing saliva samples or lost to follow-up counted as treatment failures. †Results from conditional/cluster-specific approach with mixed effects log-binomial regression are presented, using intention to treat analysis based on all participants (N=1213). Results were confirmed using a marginal/population approach which yielded comparable estimates (primary outcome: 5.33, 95% CI 1.30 to 21.90, p=0.020; secondary outcome: 3.76, 95% CI 1.31 to 10.82, p=0.014). ‡Results from model 1 were adjusted for chance imbalances, including all variables in table 1. Data missing at random were imputed using standard multivariate imputations with chained equations (MICE) in STATA ('mi chained' command with burn in of 100 iterations and 20 imputations) which is more suitable for mixed (dichotomous and continuous) variables, and this analysis is therefore based on all participants (N=1213). §Results from model 1 were adjusted for chance imbalances, including all variables in table 1. Only participants with complete data were included in the analysis (N=1009). ¶The primary outcome conforms to the Russell Standard guidelines, that is, self-reported abstinence for at least 6 months (with no more than five occasions of tobacco use) and no tobacco use in the last week, as indicated at final follow-up. **p=0.01. † †p=0.03. ‡ ‡The secondary outcome was point prevalence at 6 months defined as complete abstinence in the week prior to follow-up. § §p=0.02. ¶ ¶p=0.07. BA-YBE, brief advice, yogic breathing exercises; VBA, very brief advice.\nfor quitting was assessed but not reported by any participants, likely due to prohibitive costs. To our knowledge, this is the first trial using a rigorous design, including longer-term, biochemically validated outcomes to establish the effectiveness of brief, pro-active quit advice in low-income communities in any LMIC. Given that community health workers, who earn around £100-150 per month, were given just 1 day training to deliver the intervention, that the intervention was equally effective when provided either by a community health worker or by a physician researcher and that total study material costs were below £200, this intervention is likely to also be highly cost effective at a cost of less than £10 per treated tobacco user. This study benefited from assessing an evidence-based and theory-based intervention using standardised methodology, including validated longer-term outcomes, extensive prior fieldwork and low attrition rates. A number of factors may have contributed to the effectiveness and reach of the intervention. First, yogic breathing exercises in addition to reducing cravings, 14 possibly via actions in the insula in the cerebral cortex, 38 may also appeal due to being a novel, culturally acceptable cessation aid which provides an element of support without the need for referral or expensive medications. Second, the proactive, convenient delivery of the intervention near participants' homes may have engaged more tobacco users. Third, the treatment being free of charge may have drawn in tobacco users, irrespective of their readiness to quit. Lastly, the advice, being centred around evidence-based content, 19 was tailored to the specific cultural context, targeting users of both smoked and smokeless tobacco, and-as evidenced by very limited smoking-related knowledge at baseline (not reported here)-provided extensive details hitherto unknown to participants.\nThere were some limitations. Since the intervention comprised both quit advice and training in yogic breathing exercises, the effect of specific intervention components cannot be dissociated. However, the priority at this stage was to identify a potentially cost-effective, scalable brief community outreach intervention that included effective, research-based components. Future factorial studies should further isolate the impact of different intervention components on outcome. The number of events in this trial was small. Although this is not uncommon in low-intensity interventions, replication of findings is warranted. Lastly, whilst every effort was made to select a random sample, findings are necessarily limited to this sample of deprived tobacco users in Delhi. However, given that outcomes were comparable to those from a study evaluating a similarly brief, two-session tobacco use intervention in rural India, the results maybe generalised to other geographic locations and LMICs. Nonetheless, further work should confirm whether this type of opportunistic, brief quit advice and yogic breathing exercises is equally effective in other relevant settings, such as schools or work places, to maximise its potential impact.\nIn conclusion, we have shown a substantial effect of a potentially inexpensive, scalable, non-physician-dependent, culturally sensitive intervention to aid cessation of tobacco use in LMICs. Although the number needed to treat to gain an additional quitter was high at 48, the low intervention cost and ease of implementation with limited additional resources (see protocol for details) means that it may offer a credible alternative to more effective but also more expensive and intensive treatments, such as pharmacotherapy, with very low coverage, to tackle the enormous tobacco problem facing disadvantaged users in some of the poorest countries of the world. Despite the small effect observed, even minimal changes in tobacco use can have clinical significance. 3 Indeed, if this intervention were to be rolled out across India, it would likely result in several million fewer tobacco users per year. While further research is needed to confirm our findings in different settings, the current trial is consistent with results from HIC and underlines the great potential of low-intensity interventions to improve public health in the specific context of LMICs.\nAcknowledgements The authors would like to thank the field investigators and staff of NGO HRIDAY for their hard work and excellent support for the fieldwork and data collection, as well as all the tobacco users who consented to participate, without whom this study would not have been possible.\nContributors BKS, LS and RW conceived the original idea for this RCT. BKS obtained funding. BKS, LS and RW wrote the study protocol for the RCT reported in this manuscript. BKS managed the day-to-day running of the trial, including all participant follow-up. BKS, RW and LS undertook the data analyses and wrote the initial draft with further input from MA, JSA and KSR. BKS is guarantor for this article. All authors read, reviewed and approved the final version. All researchers listed as authors are independent from the funders and all final decisions about the research were taken without constraint by the investigators. BKS, RW and LS had full access to all the data in the study and BKS had final responsibility for the decision to submit for publication.\nFunding This study was supported by a Wellcome Trust, UK Capacity Strengthening Strategic award to Public Health Foundation of India (PHFI) and a consortium of UK Universities (Award no 6936), with additional funding from Cancer Research UK (C1417/A14135) and UK's National Centre for Smoking Cessation and Training. The funders of the study had no role in study design, data collection, data analysis, data interpretation or writing of the report. The corresponding author had full access to all the data in the study and had final responsibility for the decision to submit for publication.\nCompeting interests LS reports personal fees from pharmaceutical companies that make smoking cessation products and grants from Pfizer, outside the submitted work. RW reports grants and personal fees from companies that develop and manufacture smoking cessation medications, outside the submitted work; in addition, he has a dormant patent 'Nicotine cannon' (novel nicotine delivery device) issued.\nEthics approval The study was approved by the UCL (3051/002) and Public Health Foundation of India (TRC-IEC-122/11) ethics committees.\nProvenance and peer review Not commissioned; externally peer reviewed.",
      "page": 1
    }
  ]
}
