{
  "title": "Sustainability of a parental tobacco control intervention in pediatric practice",
  "shortTitle": "Winickoff (2014)",
  "filename": "Winickoff 2014.pdf",
  "introduction": "OBJECTIVE: To determine whether an evidence-based pediatric outpatient intervention for parents who smoke persisted after initial implementation. METHODS: A cluster randomized controlled trial of 20 pediatric practices in 16 states that received either Clinical and Community Effort Against Secondhand Smoke Exposure (CEASE) intervention or usual care. The intervention provided practices with training to provide evidence-based assistance to parents who smoke. The primary outcome, assessed by the 12-month follow-up telephone survey with parents, was provision of meaningful tobacco control assistance, defined as discussing various strategies to quit smoking, discussing smoking cessation medication, or recommending the use of the state quitline after initial enrollment visit. We also assessed parental quit rates at 12 months, determined by self-report and biochemical verification. RESULTS: Practices' rates of providing any meaningful tobacco control assistance (55% vs 19%), discussing various strategies to quit smoking (25% vs 10%), discussing cessation medication (41% vs 11%), and recommending the use of the quitline (37% vs 9%) were all significantly higher in the intervention than in the control groups, respectively (P < .0001 for each), during the 12-month postintervention implementation. Receiving any assistance was associated with a cotinine-confirmed quitting adjusted odds ratio of 1.89 (95% confidence interval: 1.13-3.19). After controlling for demographic and behavioral factors, the adjusted odds ratio for cotinine-confirmed quitting in intervention versus control practices was 1.07 (95% confidence interval: 0.64-1.78). CONCLUSIONS: Intervention practices had higher rates of delivering tobacco control assistance than usual care practices over the 1-year follow-up period. Parents who received any assistance were more likely to quit smoking; however, parents' likelihood of quitting smoking was not statistically different between the intervention and control groups. Maximizing parental quit rates will require more complete systems-level integration and adjunctive cessation strategies.",
  "content": [
    {
      "type": "TEXT",
      "text": "Sustainability of a Parental Tobacco Control Intervention in Pediatric Practice\n\nWHAT'S KNOWN ON THIS SUBJECT: Parental smoking cessation helps eliminate children' s exposure to tobacco smoke. A child' s visit to the doctor provides a teachable moment for parental smoking cessation. Effective strategies to help parents quit smoking are available for implementation. WHAT THIS STUDY ADDS: Evidence-based outpatient intervention for parents who smoke can be delivered successfully after the initial implementation. Maximizing parental quit rates in the pediatric context will require more complete and sustained systems-level integration. abstract OBJECTIVE: To determine whether an evidence-based pediatric outpatient intervention for parents who smoke persisted after initial implementation. METHODS: A cluster randomized controlled trial of 20 pediatric practices in 16 states that received either Clinical and Community Effort Against Secondhand Smoke Exposure (CEASE) intervention or usual care. The intervention provided practices with training to provide evidence-based assistance to parents who smoke. The primary outcome, assessed by the 12-month follow-up telephone survey with parents, was provision of meaningful tobacco control assistance, defined as discussing various strategies to quit smoking, discussing smoking cessation medication, or recommending the use of the state quitline after initial enrollment visit. We also assessed parental quit rates at 12 months, determined by self-report and biochemical verification. RESULTS: Practices' rates of providing any meaningful tobacco control assistance (55% vs 19%), discussing various strategies to quit smoking (25% vs 10%), discussing cessation medication (41% vs 11%), and recommending the use of the quitline (37% vs 9%) were all significantly higher in the intervention than in the control groups, respectively (P , .0001 for each), during the 12-month postintervention implementation. Receiving any assistance was associated with a cotinine-confirmed quitting adjusted odds ratio of 1.89 (95% confidence interval: 1.13-3.19). After controlling for demographic and behavioral factors, the adjusted odds ratio for cotinine-confirmed quitting in intervention versus control practices was 1.07 (95% confidence interval: 0.64-1.78). CONCLUSIONS: Intervention practices had higher rates of delivering tobacco control assistance than usual care practices over the 1-year follow-up period. Parents who received any assistance were more likely to quit smoking; however, parents' likelihood of quitting smoking was not statistically different between the intervention and control groups. Maximizing parental quit rates will require more complete systems-level integration and adjunctive cessation strategies. Pediatrics 2014;134:933-941\n\nSmoking is the single major preventable cause of mortality and morbidity. 1,2 Parental smoking exposes children to tobacco smoke, increasing the risk of respiratory and other illnesses, as well as the risk that the child will start smoking. Quitting smoking adds an average of 7 years to a parent' s life, eliminates the majority of their children' s tobacco smoke exposure (TSE), 6-8 and eliminates smoking-related poor pregnancy outcomes for all future pregnancies. Earlier parental quitting is associated with a decreased prevalence of adolescent smoking and increased rates of smoking cessation among young adults. The child healthcare setting provides teachable moments for the provider to influence parental smoking behavior and advance parents' motivation to quit smoking. Healthy parents who smoke may not see a doctor frequently 13,17-19 but see their child' s doctor more than once each year. Therefore, tobacco cessation assistance delivered in the pediatric context is particularly important because, fora large percentage of parents, it is the only setting in which they will encounter a healthcare provider.\nThe effectiveness of smoking cessation strategies is well established. According to meta-analyses from the 2008 update of the US Public Health Service Guideline for the Treatment of Tobacco Use and Dependence, counseling, use of a quitline, and nicotine replacement therapy (NRT) are each more efficacious than placebo or usual care. Combining these therapies has shown more effectiveness than individual components alone. Furthermore, a meta-analysis recently revealed the effectiveness of parental smoking cessation initiated in the pediatric context compared with control practices; yet, the difference in parental quit rates was small, which suggests that more comprehensive interventions need to be implemented. Effective strategies to help parents quit smoking are available, and it has been shown that a comprehensive evidence-based tobacco control program can be routinely implemented in the pediatric outpatient setting. Whether tobacco cessation assistance to parents who smoke can be sustained in pediatric practices after its initial implementation is not known. Therefore, we determined to what extent an evidence-based outpatient intervention for parents who smoke persisted after the initial successful implementation. Furthermore, we used biochemical validation to determine if smoking cessation rates were different between control and intervention practices 12 months after intervention implementation. Predictors of successful cessation were also identified.\n\n\n\n\nWe analyzed 12-month telephone survey data collected between were randomized equally to the intervention and control arms. One practice in each group was dropped from the study due to slow parent enrollment. The study protocol was approved by the institutional review boards of the AAP and Massachusetts General Hospital and by individual practice institutional review boards, where required.\n\n\nAt each practice, research assistants enrolled ∼100 smoking parents as they exited the pediatric office after their child' s visit. At the baseline interview, parents were asked questions about their child' sage and reason for the visit, demographic characteristics, tobacco use, smoking rules in the car and/or at home, smoking behaviors, and if the child' s healthcare provider delivered any tobacco cessation assistance at that visit. Parents were eligible for study enrollment if they indicated on the baseline survey that they were the parent or legal guardian of the child seen that day (hereafter referred to as \"parents\"); indicated that they had smoked a cigarette, even a puff, in the past 7 days; were English-speaking; and were at least 18 years old. Eligible parents were invited to enroll in the study to participate in 3-and 12-month telephone surveys. Participating parents were given $5 at the conclusion of baseline enrollment and were offered $10 and $25 gift cards for completing the 3-and 12-month telephone surveys, respectively. At the 3-and 12-month surveys, parents were asked about their tobacco use and behavior, smoking rules in the car and/or at home, and if they had a visit to their child' s doctor' s office since the baseline enrollment visit. If parents reported at least 1 visit since their enrollment into the study, they were asked to report if their child' s healthcare provider delivered any tobacco cessation assistance at any of the visits after enrollment. They were also offered a $50 gift card to send their saliva sample to confirm their quit status at the 12-month follow-up survey time.\n\n\nThis trial tested the implementation of an intervention to address parental tobacco use in the pediatric office setting. The intervention included the following:\n1. Routine screening for parental tobacco use using a document called the CEASE Action Sheet. The CEASE action sheet was handed to all of the parents during their child' s visit by the front desk staff at check-in and it helped the office staff identify each smoking family member and document their smoking status in the child' s medical record.\n2. Motivational messaging delivered by the child' s healthcare provider (clinician, nurse), which was based on the parents' own concerns as well as potential teachable moments that maybe cued by the child' s illness.\n3. Recommendation and possible provision of a nicotine patch and gum by the clinician and enrollment in the free state quitline.\nThe intervention was designed to function within existing systems of care, and the research staff did not deliver any of the clinical tobacco dependence treatment. Practice leaders in the intervention practices participated in a one-on-one training call with research staff, which was followed up by a whole-office training conference call with the entire practice staff. Control practices received no training in tobacco control from the research staff, but the practice staff was aware that they were participating as a control practice in a tobacco control study. Maintenance of the intervention was encouraged by phone calls with the intervention practice leaders approximately once per month and by sending monthly intervention-related material such as posters for the office or small motivational items such as CEASE pens or CEASE tote bags that we asked them to handout to parents visiting the practice.\n\n\nThe primary outcome of the study was provision of meaningful tobacco control assistance in the 12 months after the initial intervention implementation. We asked each parent at the 12-month follow-up survey if they had visited their child' s doctor' s office in the past 12 months. For the analyses on service delivery, we presented data from the parents who reported having at least 1 visit to their child' s doctor' s office after their study enrollment. Parents were considered to have been provided meaningful tobacco control assistance by the child' s healthcare provider if they answered \"yes\" to any of the following questions on the 12-month follow-up survey:\nDuring your visit(s) after enrollment, did a doctor, nurse, or other healthcare provider:\n1. Discuss medicine to help you quit smoking (eg, nicotine replacement gum, patch, lozenge, or other medicine)?\n2. Discuss methods and strategies (other than medicine) to help you quit smoking?\n3. Suggest you use a telephone quitline or other program to help you quit smoking?\nSalivary swabs were mailed to parents who reported quitting smoking at 12 months to determine biochemically validated parental smoking cessation rates. We used a predetermined cotinine cutoff of 10 ng/mL as the threshold level for confirming abstinence and identified the factors associated with cessation in parents. Secondary outcomes included specific \"ask,\" \"advise,\" and \"assist\" items based on parental report of receipt of tobacco control assistance services at baseline and follow-up times.\nWe excluded from this analysis parents who had not had a visit to their child' s doctor' s office in the past 12 months.\nWe also explored the association between treatment effect, demographic and behavioral factors, and cotinine-confirmed quit rates at 12 months. All parents lost to follow-up and who did not return the cotinine swabs were classified as \"current smokers.\" We performed the analysis by using both bivariate and multivariable approaches. Variables that were significant at P , .05 in the bivariate analysis or had theoretical plausibility were included in the multivariable logistic regression models. We conducted 2 separate multivariable logistic regression models to determine the effect of intervention group and the effect of provider assistance. Any assistance by the provider was defined as parents reporting yes to receiving any 1 of the 3 types of effective tobacco control assistance from the child' s healthcare provider at anytime during the study period after the baseline enrollment. In both models, we controlled for the child' sage, insurance type, parent' s gender, parent' s race, and parental baseline smoking characteristics (number of cigarettes smoked per day, frequency of smoking, and stage of change [assessed by asking if they were planning to quit in the next 30 days or 6 months]). Adjusted odds ratios (ORs) and 95% confidence intervals (CIs) were reported for each variable from the final models. In addition to the binary provider \"any assistance\" variable, we also examined the amount of assistance delivered to a parent within the study period by using a 5-level variable, as follows:\n1. No assistance delivered at baseline or within the subsequent 12-month time period\n2. Some assistance delivered at 1 time point and no assistance delivered at the other time point\n3. The maximum amount of assistance (defined as having been enrolled in a state quitline plus receiving any of the following from the healthcare provider: discussing various strategies to quit smoking or discussing smoking cessation medication) delivered at 1 time point and no assistance delivered at the other time point 4. The maximum amount of assistance delivered at 1 time point ARTICLE and some assistance given at the other time point 5. The maximum amount of assistance given at both baseline and within the subsequent 12-month time period\nAll analyses were conducted by using generalized estimating equation techniques to take into account physician clustering. SASversion 9.3 (SAS Institute, Cary, NC) was used for all analyses.\n\n\nA total of 1980 parents were enrolled at baseline between June 1, 2009, and March 7, 2011, after they exited from the pediatric office after their child' s visit. On the basis of the report of parents who had a visit to their child' s doctor at least once after the baseline enrollment in the study, pediatricians' rates of screening parents for their smoking status and smoke-free home and car rules (triple tobacco screen) were all higher in the intervention practices compared with the control practices (. The intervention practices also had higher rates of advising parents to quit smoking and to have smoke-free home and cars. Pediatricians' rates of discussing smoking cessation medication, recommending using the quitline, and discussing other strategies to quit smoking (all P , .001) were all higher in the intervention group compared with the control group during the 12 months after initial intervention implementation. Overall, pediatricians' rates of providing any tobacco control assistance were higher in the intervention practices compared with the control practices (54.7% vs 19.2%, P , .001).\nIn the 12-month smoking cessation analyses, all parents lost to follow-up and who did not return the cotinine swabs were classified as current smokers. A total of 107 and 123 parents reported quitting in the intervention and control practices, respectively, and 82 and 89 of them agreed to send in their saliva sample for cotinine testing in the intervention and control practices, respectively. Of the parents who agreed to send in their saliva sample, 68% and 72% returned the samples in the intervention and control practices, respectively. The rates of cotinine-confirmed quitting were 4.3% and 4.1% (P = .88) in the intervention and control practices, respectively. After controlling for child' sage, insurance type, parent' s gender, parent' s race, and parental baseline smoking characteristics (number of cigarettes smoked per day, frequency of smoking, and stage of change), the adjusted OR for cotinineconfirmed quitting in the intervention versus control practices was 1.07 (95% CI: 0.64-1.78).\nBivariate analyses revealed associations between parent' s gender, race, smoking frequency and quantity, and planning to quit in the next 30 days at baseline enrollment with confirmed quitting at the 12-month follow-up time period).\nIn the multivariable logistic regression model, 2 factors had significantly lower odds of confirmed quitting at 12 months: parents who reported at baseline enrollment that they belonged to a race other than white (OR: 0.37; 95% CI: 0.21-0.65) and parents who smoked $10 cigarettes/day versus ,10 cigarettes/ day (OR: 0.25: 95% CI: 0.16-0.37). Parents who reported receiving \"any assistance\" at either the baseline visitor within 12 months after the baseline visit, on the other hand, had significantly higher odds of confirmed quitting 12 months after enrollment in the study (OR: 1.89; 95% CI: 1.13-3.19). When examining the amount of assistance delivered at baseline and during subsequent visits within the following 12 months by using the 5-level variable, the level 5 assistance (maximum amount of assistance given at both baseline and within the subsequent 12-month time period) was associated with a 13.9 times (95% CI: 2.3-83.3) increased likelihood of parents quitting at 12 months compared with level 1 (no intervention delivered at all).\n\n\nThis follow-up study of a clinical trial of a tobacco control intervention in pediatric practices revealed significantly higher postintervention tobacco cessation assistance delivery rates in intervention practices compared with the control practices after initial implementation. However, we did not see a significant difference in the rates of cotinine-confirmed parental quit rates between the intervention and control practices. Parents who reported at baseline enrollment that they smoked ,10 cigarettes/day, who were white, and who received any assistance at either the baseline visitor within 12 months after the baseline visit were more likely to quit after 12 months.\nSpecifically, this study showed that an evidence-based outpatient tobacco control intervention implemented in the pediatric setting will persist after implementation as shown by the fact that the pediatricians' rate of providing tobacco control assistance was 42.5% after initial intervention implementation and was 54.7% during the 12 months after initial intervention implementation. The sustainability of the intervention maybe attributable to the fact that it was designed to function using existing systems of care within each practice. These findings support implementation of tobacco cessation interventions with the use of existing systems of care in routine pediatric practice for the successful delivery of smoking cessation assistance to parents.\nAlthough it is important to intervene with all parents regarding their children' s tobacco smoke exposure, parents who smoke fewer cigarettes may have less difficulty abstaining and be more likely to quit smoking, as our results suggest. White parents were more likely to quit smoking than parents of other races. Studies have shown that black adults smoke at lower rates than whites, and some studies have shown that parents who are not white are less likely to receive cessation services from their own clinicians. Better parental health education regarding the harms to children' s health due to exposure to secondhand smoke and third-hand smoke could help motivate more parents to quit smoking. We also found that parents who reported Excluded all the parents who did not have a visit to their child' s pediatric office in the last 12 mo; N = 1191. SHS, secondhand smoke. a Tobacco triple screener: screen parents for smoking status, smoke-free home rules, and smoke-free car rules.\nreceiving any assistance at either the baseline visitor within 12 months after the baseline visit had significantly higher odds of confirmed quitting after 12 months. Furthermore, we found an even stronger association with confirmed quitting when the maximum amount of assistance was delivered over multiple visits to smoking parents. This finding supports the need for universal screening for parental tobacco use so that assistance can be offered to everyone who uses tobacco at every visit.\nWe identified a number of barriers to significant parental quit results despite successful intervention implementation. A few factors may have either weakened the study' s finding of a difference between intervention and control groups or blunted the differential impact of the intervention. The differential follow-up rates in the intervention versus control practices (64.5% vs 72.4%, P = .1133) could be 1 of the reasons for lower than expected confirmed quit rates in the intervention group. To put this effect in perspective, 5 control practices had higher follow-up rates than the intervention practice with the highest follow-up rate. Low follow-up rates in the intervention group bias results to the null because all those who are not reached are assumed to be current smokers using an \"intention to treat\" analysis. Ina future study, 31 this loss to follow-up can be prevented by using a serial crosssectional design with exit interviews at baseline and at 1 or 2 years to look at the sustainability of the intervention and population-level cessation effects.\nThe use of NRT has been shown to be 1 of the most effective strategies to help increase people's chances of quitting smoking. NRT is expensive, and at the time we conducted this trial it was not covered by some insurers and not even by Medicaid in all states. Physicians' overall enthusiasm for the intervention could have been diminished when they were notable to get NRT into the hands of smoking parents for free or for the price  of a copay. This important study result highlights the need for better funding of NRT through state quitlines and better coverage through Medicaid and private insurance companies. In the future, NRT will be covered by Medicaid, and hopefully more people can use it for free or for the price of a copayment.\nThe intervention was initially designed to help practices that use paper records but most of the pediatric practices now use electronic medical record (EMR) systems. The CEASE intervention could be strengthened by EMR integration. During the pediatric visit, the child healthcare provider would be prompted by the EMR to ask the parent about the child' s TSE, which would lead to universal screening of parents for tobacco use and also prompt the provider to offer smoking cessation assistance to the parents at subsequent visits. This concept has been demonstrated in pilot work. The lack of a disease registry of children exposed to tobacco smoke made it difficult for practices to know which families to intervene with regarding offering cessation assistance. Electronic tablets are increasingly being used in pediatric offices to collect intake information from the parents, and their use is likely to persist and grow in the future. The use of these tablets at check-in for screening and documentation of a child' s TSE will eventually lead to the creation of a useful disease registry to guide intervention with high-risk families. In summary, maximizing parental quit rates in pediatric offices will require more complete systems-level integration.\nAddressing parental smoking needs to be emphasized to all child healthcare providers in the context of offering a workable and effective office system for them to take serious action against TSE in children. Future studies might consider using cotinine levels in children to document the extent of a child' s exposure and enhance systems-level integration of tobacco control assistance for parents. The results are based on parental selfreport and thus are subject to response bias. Those parents who quit may have also been more likely to report receipt of assistance as a result of recall bias. The sample of parents who selfselected to enroll in the study may have differed from the eligible parents who refused enrollment. Despite these limitations, the use of a large sample size across 16 US states allows greater confidence in reporting of the results. Also, the PROS practices that volunteered to enroll in the study and were randomized to the control group may have already been concerned about parental smoking and may have had a higher baseline rate of assistance than the average practice. The control group clinicians were aware they were in a tobacco control intervention, and it is unknown if this knowledge influenced their tobacco control behaviors in anyway.\nThe differential follow-up rates between control and intervention practices may have blunted the final intervention effect because all those lost to follow-up were assumed to be smokers. Factors that could have led to suboptimal intervention implementation in some practices include that the intervention was designed to help practices using paper records but at the time of the trial many of the pediatric practices were transitioning to EMR systems and NRT was not covered for all parents by Medicaid or some insurances. The long-term sustainability of this intervention has not been established beyond a year. An additional limitation is that there was variability in the frequency and timing of pediatric office visits since enrollment into the study, thus limiting our ability to determine if the sustainability of the intervention lasted the entire 12-month period.\n\n\nThis study shows that an intervention to help parents quit smoking can be successfully delivered as part of routine child healthcare outpatient practice nationally after the initial implementationperiod. However, our study highlights the need for better universal screening for parental tobacco use to identify parents who smoke, more intensive cessation approaches for parents who smoke, better integration of tobacco exposure documentation in the EMR, and universal coverage for cessation medications to maximize parental quit rates.",
      "page": 1
    },
    {
      "type": "TABLE",
      "cells": [
        {
          "value": "30.6 (18-65)",
          "rowHeaders": [
            "Age, mean (range), y",
            "Non-Hispanic black or African American"
          ],
          "columnHeaders": [
            "TABLE 1 Characteristics of Enrolled Parents",
            "Control (N = 981)"
          ]
        },
        {
          "value": "30.0 (18-78)",
          "rowHeaders": [
            "Age, mean (range), y",
            "Non-Hispanic black or African American"
          ],
          "columnHeaders": [
            "TABLE 1 Characteristics of Enrolled Parents",
            "Intervention (N = 999)"
          ]
        },
        {
          "value": "25.8",
          "rowHeaders": [
            "Non-Hispanic black or African American",
            "18-24 years"
          ],
          "columnHeaders": [
            "TABLE 1 Characteristics of Enrolled Parents",
            "Control (N = 981)"
          ]
        },
        {
          "value": "27.1",
          "rowHeaders": [
            "Non-Hispanic black or African American",
            "18-24 years"
          ],
          "columnHeaders": [
            "TABLE 1 Characteristics of Enrolled Parents",
            "Intervention (N = 999)"
          ]
        },
        {
          "value": "67.7",
          "rowHeaders": [
            "Non-Hispanic black or African American",
            "25-44 years"
          ],
          "columnHeaders": [
            "TABLE 1 Characteristics of Enrolled Parents",
            "Control (N = 981)"
          ]
        },
        {
          "value": "66.5",
          "rowHeaders": [
            "Non-Hispanic black or African American",
            "25-44 years"
          ],
          "columnHeaders": [
            "TABLE 1 Characteristics of Enrolled Parents",
            "Intervention (N = 999)"
          ]
        },
        {
          "value": ".45 years",
          "rowHeaders": [],
          "columnHeaders": [
            "TABLE 1 Characteristics of Enrolled Parents",
            "Characteristic"
          ]
        },
        {
          "value": "6.4",
          "rowHeaders": [
            "Age, mean (range), y",
            "Non-Hispanic black or African American"
          ],
          "columnHeaders": [
            "TABLE 1 Characteristics of Enrolled Parents",
            "Control (N = 981)"
          ]
        },
        {
          "value": "6.4",
          "rowHeaders": [
            "Age, mean (range), y",
            "Non-Hispanic black or African American"
          ],
          "columnHeaders": [
            "TABLE 1 Characteristics of Enrolled Parents",
            "Intervention (N = 999)"
          ]
        },
        {
          "value": "22.0",
          "rowHeaders": [
            "Non-Hispanic black or African American"
          ],
          "columnHeaders": [
            "TABLE 1 Characteristics of Enrolled Parents",
            "Control (N = 981)"
          ]
        },
        {
          "value": "21.3",
          "rowHeaders": [
            "Non-Hispanic black or African American"
          ],
          "columnHeaders": [
            "TABLE 1 Characteristics of Enrolled Parents",
            "Intervention (N = 999)"
          ]
        },
        {
          "value": "77.9",
          "rowHeaders": [
            "Non-Hispanic black or African American"
          ],
          "columnHeaders": [
            "TABLE 1 Characteristics of Enrolled Parents",
            "Control (N = 981)"
          ]
        },
        {
          "value": "78.6",
          "rowHeaders": [
            "Non-Hispanic black or African American"
          ],
          "columnHeaders": [
            "TABLE 1 Characteristics of Enrolled Parents",
            "Intervention (N = 999)"
          ]
        },
        {
          "value": "13.7",
          "rowHeaders": [
            "Non-Hispanic black or African American"
          ],
          "columnHeaders": [
            "TABLE 1 Characteristics of Enrolled Parents",
            "Control (N = 981)"
          ]
        },
        {
          "value": "8.2",
          "rowHeaders": [
            "Non-Hispanic black or African American"
          ],
          "columnHeaders": [
            "TABLE 1 Characteristics of Enrolled Parents",
            "Intervention (N = 999)"
          ]
        },
        {
          "value": ".1 race",
          "rowHeaders": [
            "Some college"
          ],
          "columnHeaders": [
            "TABLE 1 Characteristics of Enrolled Parents",
            "Characteristic"
          ]
        },
        {
          "value": "2.5",
          "rowHeaders": [
            "Non-Hispanic black or African American"
          ],
          "columnHeaders": [
            "TABLE 1 Characteristics of Enrolled Parents",
            "Control (N = 981)"
          ]
        },
        {
          "value": "3.0",
          "rowHeaders": [
            "Non-Hispanic black or African American"
          ],
          "columnHeaders": [
            "TABLE 1 Characteristics of Enrolled Parents",
            "Intervention (N = 999)"
          ]
        },
        {
          "value": "19.8",
          "rowHeaders": [
            "Non-Hispanic black or African American"
          ],
          "columnHeaders": [
            "TABLE 1 Characteristics of Enrolled Parents",
            "Control (N = 981)"
          ]
        },
        {
          "value": "11.3",
          "rowHeaders": [
            "Non-Hispanic black or African American"
          ],
          "columnHeaders": [
            "TABLE 1 Characteristics of Enrolled Parents",
            "Intervention (N = 999)"
          ]
        },
        {
          "value": "1.7",
          "rowHeaders": [
            "Non-Hispanic, other"
          ],
          "columnHeaders": [
            "TABLE 1 Characteristics of Enrolled Parents",
            "Control (N = 981)"
          ]
        },
        {
          "value": "3.9",
          "rowHeaders": [
            "Non-Hispanic, other"
          ],
          "columnHeaders": [
            "TABLE 1 Characteristics of Enrolled Parents",
            "Intervention (N = 999)"
          ]
        },
        {
          "value": "61.5",
          "rowHeaders": [
            "Non-Hispanic white"
          ],
          "columnHeaders": [
            "TABLE 1 Characteristics of Enrolled Parents",
            "Control (N = 981)"
          ]
        },
        {
          "value": "72.9",
          "rowHeaders": [
            "Non-Hispanic white"
          ],
          "columnHeaders": [
            "TABLE 1 Characteristics of Enrolled Parents",
            "Intervention (N = 999)"
          ]
        },
        {
          "value": "14.5",
          "rowHeaders": [
            "Less than high school"
          ],
          "columnHeaders": [
            "TABLE 1 Characteristics of Enrolled Parents",
            "Control (N = 981)"
          ]
        },
        {
          "value": "16.4",
          "rowHeaders": [
            "Less than high school"
          ],
          "columnHeaders": [
            "TABLE 1 Characteristics of Enrolled Parents",
            "Intervention (N = 999)"
          ]
        },
        {
          "value": "45.0",
          "rowHeaders": [
            "High school graduate"
          ],
          "columnHeaders": [
            "TABLE 1 Characteristics of Enrolled Parents",
            "Control (N = 981)"
          ]
        },
        {
          "value": "47.5",
          "rowHeaders": [
            "High school graduate"
          ],
          "columnHeaders": [
            "TABLE 1 Characteristics of Enrolled Parents",
            "Intervention (N = 999)"
          ]
        },
        {
          "value": "26.8",
          "rowHeaders": [
            "Some college"
          ],
          "columnHeaders": [
            "TABLE 1 Characteristics of Enrolled Parents",
            "Control (N = 981)"
          ]
        },
        {
          "value": "29.0",
          "rowHeaders": [
            "Some college"
          ],
          "columnHeaders": [
            "TABLE 1 Characteristics of Enrolled Parents",
            "Intervention (N = 999)"
          ]
        },
        {
          "value": "13.5",
          "rowHeaders": [
            "College graduate"
          ],
          "columnHeaders": [
            "TABLE 1 Characteristics of Enrolled Parents",
            "Control (N = 981)"
          ]
        },
        {
          "value": "6.6",
          "rowHeaders": [
            "College graduate"
          ],
          "columnHeaders": [
            "TABLE 1 Characteristics of Enrolled Parents",
            "Intervention (N = 999)"
          ]
        },
        {
          "value": "17.5",
          "rowHeaders": [
            "Mean child'",
            "s age, mo"
          ],
          "columnHeaders": [
            "TABLE 1 Characteristics of Enrolled Parents",
            "Control (N = 981)"
          ]
        },
        {
          "value": "11.5",
          "rowHeaders": [
            "Mean child'",
            "s age, mo"
          ],
          "columnHeaders": [
            "TABLE 1 Characteristics of Enrolled Parents",
            "Intervention (N = 999)"
          ]
        },
        {
          "value": "29.1",
          "rowHeaders": [
            ",1 year"
          ],
          "columnHeaders": [
            "TABLE 1 Characteristics of Enrolled Parents",
            "Control (N = 981)"
          ]
        },
        {
          "value": "23.8",
          "rowHeaders": [
            ",1 year"
          ],
          "columnHeaders": [
            "TABLE 1 Characteristics of Enrolled Parents",
            "Intervention (N = 999)"
          ]
        },
        {
          "value": "34.4",
          "rowHeaders": [
            "1-4 years"
          ],
          "columnHeaders": [
            "TABLE 1 Characteristics of Enrolled Parents",
            "Control (N = 981)"
          ]
        },
        {
          "value": "39.0",
          "rowHeaders": [
            "1-4 years"
          ],
          "columnHeaders": [
            "TABLE 1 Characteristics of Enrolled Parents",
            "Intervention (N = 999)"
          ]
        },
        {
          "value": "18.8",
          "rowHeaders": [
            "5-9 years"
          ],
          "columnHeaders": [
            "TABLE 1 Characteristics of Enrolled Parents",
            "Control (N = 981)"
          ]
        },
        {
          "value": "20.0",
          "rowHeaders": [
            "5-9 years"
          ],
          "columnHeaders": [
            "TABLE 1 Characteristics of Enrolled Parents",
            "Intervention (N = 999)"
          ]
        },
        {
          "value": "16.5",
          "rowHeaders": [
            "$10 years"
          ],
          "columnHeaders": [
            "TABLE 1 Characteristics of Enrolled Parents",
            "Control (N = 981)"
          ]
        },
        {
          "value": "16.4",
          "rowHeaders": [
            "$10 years"
          ],
          "columnHeaders": [
            "TABLE 1 Characteristics of Enrolled Parents",
            "Intervention (N = 999)"
          ]
        },
        {
          "value": "10.3",
          "rowHeaders": [
            "Mean number of cigarettes/day"
          ],
          "columnHeaders": [
            "TABLE 1 Characteristics of Enrolled Parents",
            "Control (N = 981)"
          ]
        },
        {
          "value": "11.7",
          "rowHeaders": [
            "Mean number of cigarettes/day"
          ],
          "columnHeaders": [
            "TABLE 1 Characteristics of Enrolled Parents",
            "Intervention (N = 999)"
          ]
        },
        {
          "value": "46.7",
          "rowHeaders": [
            "1-9 cigarettes/day, %"
          ],
          "columnHeaders": [
            "TABLE 1 Characteristics of Enrolled Parents",
            "Control (N = 981)"
          ]
        },
        {
          "value": "38.8",
          "rowHeaders": [
            "1-9 cigarettes/day, %"
          ],
          "columnHeaders": [
            "TABLE 1 Characteristics of Enrolled Parents",
            "Intervention (N = 999)"
          ]
        },
        {
          "value": "52.4",
          "rowHeaders": [
            "$10 cigarettes/day, %"
          ],
          "columnHeaders": [
            "TABLE 1 Characteristics of Enrolled Parents",
            "Control (N = 981)"
          ]
        },
        {
          "value": "60.5",
          "rowHeaders": [
            "$10 cigarettes/day, %"
          ],
          "columnHeaders": [
            "TABLE 1 Characteristics of Enrolled Parents",
            "Intervention (N = 999)"
          ]
        },
        {
          "value": "82.3",
          "rowHeaders": [
            "Daily smoker, %"
          ],
          "columnHeaders": [
            "TABLE 1 Characteristics of Enrolled Parents",
            "Control (N = 981)"
          ]
        },
        {
          "value": "87.3",
          "rowHeaders": [
            "Daily smoker, %"
          ],
          "columnHeaders": [
            "TABLE 1 Characteristics of Enrolled Parents",
            "Intervention (N = 999)"
          ]
        },
        {
          "value": "64.5",
          "rowHeaders": [
            "Medicaid"
          ],
          "columnHeaders": [
            "TABLE 1 Characteristics of Enrolled Parents",
            "Control (N = 981)"
          ]
        },
        {
          "value": "69.8",
          "rowHeaders": [
            "Medicaid"
          ],
          "columnHeaders": [
            "TABLE 1 Characteristics of Enrolled Parents",
            "Intervention (N = 999)"
          ]
        },
        {
          "value": "27.1",
          "rowHeaders": [
            "Private insurance/HMO"
          ],
          "columnHeaders": [
            "TABLE 1 Characteristics of Enrolled Parents",
            "Control (N = 981)"
          ]
        },
        {
          "value": "20.2",
          "rowHeaders": [
            "Private insurance/HMO"
          ],
          "columnHeaders": [
            "TABLE 1 Characteristics of Enrolled Parents",
            "Intervention (N = 999)"
          ]
        },
        {
          "value": "7.1",
          "rowHeaders": [
            "Other/self-pay"
          ],
          "columnHeaders": [
            "TABLE 1 Characteristics of Enrolled Parents",
            "Control (N = 981)"
          ]
        },
        {
          "value": "9.9",
          "rowHeaders": [
            "Other/self-pay"
          ],
          "columnHeaders": [
            "TABLE 1 Characteristics of Enrolled Parents",
            "Intervention (N = 999)"
          ]
        },
        {
          "value": "43.5",
          "rowHeaders": [
            "Well child"
          ],
          "columnHeaders": [
            "TABLE 1 Characteristics of Enrolled Parents",
            "Control (N = 981)"
          ]
        },
        {
          "value": "41.9",
          "rowHeaders": [
            "Well child"
          ],
          "columnHeaders": [
            "TABLE 1 Characteristics of Enrolled Parents",
            "Intervention (N = 999)"
          ]
        },
        {
          "value": "56.5",
          "rowHeaders": [
            "Sick visit/other"
          ],
          "columnHeaders": [
            "TABLE 1 Characteristics of Enrolled Parents",
            "Control (N = 981)"
          ]
        },
        {
          "value": "58.1",
          "rowHeaders": [
            "Sick visit/other"
          ],
          "columnHeaders": [
            "TABLE 1 Characteristics of Enrolled Parents",
            "Intervention (N = 999)"
          ]
        },
        {
          "value": "20.0",
          "rowHeaders": [
            "#4 clinicians"
          ],
          "columnHeaders": [
            "TABLE 1 Characteristics of Enrolled Parents",
            "Control (N = 981)",
            "N=10"
          ]
        },
        {
          "value": "40.0",
          "rowHeaders": [
            "#4 clinicians"
          ],
          "columnHeaders": [
            "TABLE 1 Characteristics of Enrolled Parents",
            "Intervention (N = 999)",
            "N=10"
          ]
        },
        {
          "value": ".4 clinicians",
          "rowHeaders": [],
          "columnHeaders": [
            "TABLE 1 Characteristics of Enrolled Parents",
            "Characteristic",
            "Practice characteristics, %"
          ]
        },
        {
          "value": "80.0",
          "rowHeaders": [
            "#4 clinicians"
          ],
          "columnHeaders": [
            "TABLE 1 Characteristics of Enrolled Parents",
            "Control (N = 981)",
            "N=10"
          ]
        },
        {
          "value": "60.0",
          "rowHeaders": [
            "Private insurance/HMO"
          ],
          "columnHeaders": [
            "TABLE 1 Characteristics of Enrolled Parents",
            "Intervention (N = 999)",
            "N=10"
          ]
        },
        {
          "value": "40.0",
          "rowHeaders": [
            ",15%"
          ],
          "columnHeaders": [
            "TABLE 1 Characteristics of Enrolled Parents",
            "Control (N = 981)",
            "N=10"
          ]
        },
        {
          "value": "10.0",
          "rowHeaders": [
            ",15%"
          ],
          "columnHeaders": [
            "TABLE 1 Characteristics of Enrolled Parents",
            "Intervention (N = 999)",
            "N=10"
          ]
        },
        {
          "value": "20.0",
          "rowHeaders": [
            "15%-20%"
          ],
          "columnHeaders": [
            "TABLE 1 Characteristics of Enrolled Parents",
            "Control (N = 981)",
            "N=10"
          ]
        },
        {
          "value": "30.0",
          "rowHeaders": [
            "15%-20%"
          ],
          "columnHeaders": [
            "TABLE 1 Characteristics of Enrolled Parents",
            "Intervention (N = 999)",
            "N=10"
          ]
        },
        {
          "value": ".20%",
          "rowHeaders": [],
          "columnHeaders": [
            "TABLE 1 Characteristics of Enrolled Parents",
            "Characteristic",
            "Practice characteristics, %"
          ]
        },
        {
          "value": "40.0",
          "rowHeaders": [
            "#4 clinicians"
          ],
          "columnHeaders": [
            "TABLE 1 Characteristics of Enrolled Parents",
            "Control (N = 981)",
            "N=10"
          ]
        },
        {
          "value": "60.0",
          "rowHeaders": [
            "#4 clinicians"
          ],
          "columnHeaders": [
            "TABLE 1 Characteristics of Enrolled Parents",
            "Intervention (N = 999)",
            "N=10"
          ]
        },
        {
          "value": "30.4",
          "rowHeaders": [
            "EMR"
          ],
          "columnHeaders": [
            "TABLE 1 Characteristics of Enrolled Parents",
            "Control (N = 981)",
            "N=10"
          ]
        },
        {
          "value": "50.2",
          "rowHeaders": [
            "EMR"
          ],
          "columnHeaders": [
            "TABLE 1 Characteristics of Enrolled Parents",
            "Intervention (N = 999)",
            "N=10"
          ]
        }
      ],
      "page": 1
    },
    {
      "type": "TABLE",
      "cells": [
        {
          "value": ".88",
          "rowHeaders": [
            "Arm",
            ",30 years/unknown",
            "981",
            "1.13-3.19"
          ],
          "columnHeaders": [
            "TABLE 3 Predictors of Parental Confirmed Quits in the Total Randomized Population",
            "P"
          ]
        },
        {
          "value": "40 (4.1)",
          "rowHeaders": [
            "Age of the parent",
            "Control",
            "981"
          ],
          "columnHeaders": [
            "TABLE 3 Predictors of Parental Confirmed Quits in the Total Randomized Population",
            "Quit, n (%)"
          ]
        },
        {
          "value": "43 (4.3)",
          "rowHeaders": [
            "Age of the parent",
            "Intervention",
            "999"
          ],
          "columnHeaders": [
            "TABLE 3 Predictors of Parental Confirmed Quits in the Total Randomized Population",
            "Quit, n (%)"
          ]
        },
        {
          "value": ".28",
          "rowHeaders": [
            "Age of the parent",
            "1059",
            "1.13-3.19"
          ],
          "columnHeaders": [
            "TABLE 3 Predictors of Parental Confirmed Quits in the Total Randomized Population",
            "P"
          ]
        },
        {
          "value": "49 (4.6)",
          "rowHeaders": [
            "Age of the parent",
            ",30 years/unknown",
            "1059"
          ],
          "columnHeaders": [
            "TABLE 3 Predictors of Parental Confirmed Quits in the Total Randomized Population",
            "Quit, n (%)"
          ]
        },
        {
          "value": "34 (3.7)",
          "rowHeaders": [
            "Age of the parent",
            "$30 years",
            "921"
          ],
          "columnHeaders": [
            "TABLE 3 Predictors of Parental Confirmed Quits in the Total Randomized Population",
            "Quit, n (%)"
          ]
        },
        {
          "value": ".009",
          "rowHeaders": [
            "Gender",
            "High school graduate or higher",
            "921",
            "1.13-3.19"
          ],
          "columnHeaders": [
            "TABLE 3 Predictors of Parental Confirmed Quits in the Total Randomized Population",
            "P"
          ]
        },
        {
          "value": "10 (2.3)",
          "rowHeaders": [
            "Age of the parent",
            "Male",
            "429"
          ],
          "columnHeaders": [
            "TABLE 3 Predictors of Parental Confirmed Quits in the Total Randomized Population",
            "Quit, n (%)"
          ]
        },
        {
          "value": "73 (4.7)",
          "rowHeaders": [
            "Age of the parent",
            "Female",
            "1551"
          ],
          "columnHeaders": [
            "TABLE 3 Predictors of Parental Confirmed Quits in the Total Randomized Population",
            "Quit, n (%)"
          ]
        },
        {
          "value": ".019",
          "rowHeaders": [
            "Race",
            "High school graduate or higher",
            "1331",
            "1.13-3.19"
          ],
          "columnHeaders": [
            "TABLE 3 Predictors of Parental Confirmed Quits in the Total Randomized Population",
            "P"
          ]
        },
        {
          "value": "67 (5.0)",
          "rowHeaders": [
            "Frequency of smoking at baseline",
            "White",
            "1331"
          ],
          "columnHeaders": [
            "TABLE 3 Predictors of Parental Confirmed Quits in the Total Randomized Population",
            "Quit, n (%)"
          ]
        },
        {
          "value": "16 (2.5)",
          "rowHeaders": [
            "Frequency of smoking at baseline",
            "Other",
            "649"
          ],
          "columnHeaders": [
            "TABLE 3 Predictors of Parental Confirmed Quits in the Total Randomized Population",
            "Quit, n (%)"
          ]
        },
        {
          "value": ".22",
          "rowHeaders": [
            "Education",
            "1222",
            "1.13-3.19"
          ],
          "columnHeaders": [
            "TABLE 3 Predictors of Parental Confirmed Quits in the Total Randomized Population",
            "P"
          ]
        },
        {
          "value": "45 (3.7)",
          "rowHeaders": [
            "Frequency of smoking at baseline",
            "Less than high school",
            "1222"
          ],
          "columnHeaders": [
            "TABLE 3 Predictors of Parental Confirmed Quits in the Total Randomized Population",
            "Quit, n (%)"
          ]
        },
        {
          "value": "38 (5.0)",
          "rowHeaders": [
            "Frequency of smoking at baseline",
            "High school graduate or higher",
            "758"
          ],
          "columnHeaders": [
            "TABLE 3 Predictors of Parental Confirmed Quits in the Total Randomized Population",
            "Quit, n (%)"
          ]
        },
        {
          "value": ".16",
          "rowHeaders": [
            "Child'",
            "s age",
            "523",
            "1.13-3.19"
          ],
          "columnHeaders": [
            "TABLE 3 Predictors of Parental Confirmed Quits in the Total Randomized Population",
            "P"
          ]
        },
        {
          "value": "16 (3.1)",
          "rowHeaders": [
            "Frequency of smoking at baseline",
            ",1 years",
            "523"
          ],
          "columnHeaders": [
            "TABLE 3 Predictors of Parental Confirmed Quits in the Total Randomized Population",
            "Quit, n (%)"
          ]
        },
        {
          "value": "67 (4.6)",
          "rowHeaders": [
            "Frequency of smoking at baseline",
            "$1 year/unknown",
            "1457"
          ],
          "columnHeaders": [
            "TABLE 3 Predictors of Parental Confirmed Quits in the Total Randomized Population",
            "Quit, n (%)"
          ]
        },
        {
          "value": ".21",
          "rowHeaders": [
            "Medicaid",
            "1330",
            "1.13-3.19"
          ],
          "columnHeaders": [
            "TABLE 3 Predictors of Parental Confirmed Quits in the Total Randomized Population",
            "P"
          ]
        },
        {
          "value": "50 (3.8)",
          "rowHeaders": [
            "Frequency of smoking at baseline",
            "Yes",
            "1330"
          ],
          "columnHeaders": [
            "TABLE 3 Predictors of Parental Confirmed Quits in the Total Randomized Population",
            "Quit, n (%)"
          ]
        },
        {
          "value": "33 (5.1)",
          "rowHeaders": [
            "Frequency of smoking at baseline",
            "No",
            "650"
          ],
          "columnHeaders": [
            "TABLE 3 Predictors of Parental Confirmed Quits in the Total Randomized Population",
            "Quit, n (%)"
          ]
        },
        {
          "value": ".13",
          "rowHeaders": [
            "Private insurance/HMO",
            "650",
            "1.13-3.19"
          ],
          "columnHeaders": [
            "TABLE 3 Predictors of Parental Confirmed Quits in the Total Randomized Population",
            "P"
          ]
        },
        {
          "value": "29 (5.7)",
          "rowHeaders": [
            "Number of cigarettes/day at baseline",
            "Yes",
            "511"
          ],
          "columnHeaders": [
            "TABLE 3 Predictors of Parental Confirmed Quits in the Total Randomized Population",
            "Quit, n (%)"
          ]
        },
        {
          "value": "54 (3.7)",
          "rowHeaders": [
            "Number of cigarettes/day at baseline",
            "No",
            "1469"
          ],
          "columnHeaders": [
            "TABLE 3 Predictors of Parental Confirmed Quits in the Total Randomized Population",
            "Quit, n (%)"
          ]
        },
        {
          "value": ".008",
          "rowHeaders": [
            "Frequency of smoking at baseline",
            "1469",
            "1.13-3.19"
          ],
          "columnHeaders": [
            "TABLE 3 Predictors of Parental Confirmed Quits in the Total Randomized Population",
            "P"
          ]
        },
        {
          "value": "59 (3.5)",
          "rowHeaders": [
            "Number of cigarettes/day at baseline",
            "Everyday",
            "1680"
          ],
          "columnHeaders": [
            "TABLE 3 Predictors of Parental Confirmed Quits in the Total Randomized Population",
            "Quit, n (%)"
          ]
        },
        {
          "value": "24 (8.0)",
          "rowHeaders": [
            "Number of cigarettes/day at baseline",
            "Some days",
            "300"
          ],
          "columnHeaders": [
            "TABLE 3 Predictors of Parental Confirmed Quits in the Total Randomized Population",
            "Quit, n (%)"
          ]
        },
        {
          "value": ",.0001",
          "rowHeaders": [
            "Number of cigarettes/day at baseline",
            "300",
            "1.13-3.19"
          ],
          "columnHeaders": [
            "TABLE 3 Predictors of Parental Confirmed Quits in the Total Randomized Population",
            "P"
          ]
        },
        {
          "value": "61 (7.1)",
          "rowHeaders": [
            "Strictly enforced home smoking policy at baseline",
            ",10 cigarettes/day",
            "862"
          ],
          "columnHeaders": [
            "TABLE 3 Predictors of Parental Confirmed Quits in the Total Randomized Population",
            "Quit, n (%)"
          ]
        },
        {
          "value": "22 (2.0)",
          "rowHeaders": [
            "Strictly enforced home smoking policy at baseline",
            "$10 cigarettes/day",
            "1118"
          ],
          "columnHeaders": [
            "TABLE 3 Predictors of Parental Confirmed Quits in the Total Randomized Population",
            "Quit, n (%)"
          ]
        },
        {
          "value": ".92",
          "rowHeaders": [
            "Other smokers in home",
            "1118",
            "1.13-3.19"
          ],
          "columnHeaders": [
            "TABLE 3 Predictors of Parental Confirmed Quits in the Total Randomized Population",
            "P"
          ]
        },
        {
          "value": "49 (4.2)",
          "rowHeaders": [
            "Strictly enforced home smoking policy at baseline",
            "Yes",
            "1176"
          ],
          "columnHeaders": [
            "TABLE 3 Predictors of Parental Confirmed Quits in the Total Randomized Population",
            "Quit, n (%)"
          ]
        },
        {
          "value": "34 (4.2)",
          "rowHeaders": [
            "Strictly enforced home smoking policy at baseline",
            "No",
            "804"
          ],
          "columnHeaders": [
            "TABLE 3 Predictors of Parental Confirmed Quits in the Total Randomized Population",
            "Quit, n (%)"
          ]
        },
        {
          "value": ".048",
          "rowHeaders": [
            "Stage of quitting at baseline",
            "804",
            "1.13-3.19"
          ],
          "columnHeaders": [
            "TABLE 3 Predictors of Parental Confirmed Quits in the Total Randomized Population",
            "P"
          ]
        },
        {
          "value": "30 days",
          "rowHeaders": [
            "Any assistance",
            "Plan to quit in"
          ],
          "columnHeaders": [
            "TABLE 3 Predictors of Parental Confirmed Quits in the Total Randomized Population",
            "Characteristic"
          ]
        },
        {
          "value": "46 (5.5)",
          "rowHeaders": [
            "Strictly enforced home smoking policy at baseline",
            "Plan to quit in",
            "841"
          ],
          "columnHeaders": [
            "TABLE 3 Predictors of Parental Confirmed Quits in the Total Randomized Population",
            "Quit, n (%)"
          ]
        },
        {
          "value": "22 (3.9)",
          "rowHeaders": [
            "Strictly enforced home smoking policy at baseline",
            "Plan to quit in 6 months",
            "564"
          ],
          "columnHeaders": [
            "TABLE 3 Predictors of Parental Confirmed Quits in the Total Randomized Population",
            "Quit, n (%)"
          ]
        },
        {
          "value": "15 (2.6)",
          "rowHeaders": [
            "Strictly enforced home smoking policy at baseline",
            "No plan to quit within 6 months",
            "574"
          ],
          "columnHeaders": [
            "TABLE 3 Predictors of Parental Confirmed Quits in the Total Randomized Population",
            "Quit, n (%)"
          ]
        },
        {
          "value": ".40",
          "rowHeaders": [
            "Strictly enforced home smoking policy at baseline",
            "1041",
            "1.13-3.19"
          ],
          "columnHeaders": [
            "TABLE 3 Predictors of Parental Confirmed Quits in the Total Randomized Population",
            "P"
          ]
        },
        {
          "value": "47 (4.5)",
          "rowHeaders": [
            "Strictly enforced home smoking policy at baseline",
            "Yes",
            "1041"
          ],
          "columnHeaders": [
            "TABLE 3 Predictors of Parental Confirmed Quits in the Total Randomized Population",
            "Quit, n (%)"
          ]
        },
        {
          "value": "36 (3.9)",
          "rowHeaders": [
            "Strictly enforced home smoking policy at baseline",
            "No",
            "939"
          ],
          "columnHeaders": [
            "TABLE 3 Predictors of Parental Confirmed Quits in the Total Randomized Population",
            "Quit, n (%)"
          ]
        },
        {
          "value": ".51",
          "rowHeaders": [
            "Strictly enforced car smoking policy at baseline",
            "939",
            "1.13-3.19"
          ],
          "columnHeaders": [
            "TABLE 3 Predictors of Parental Confirmed Quits in the Total Randomized Population",
            "P"
          ]
        },
        {
          "value": "19 (4.8)",
          "rowHeaders": [
            "Strictly enforced home smoking policy at baseline",
            "Yes",
            "393"
          ],
          "columnHeaders": [
            "TABLE 3 Predictors of Parental Confirmed Quits in the Total Randomized Population",
            "Quit, n (%)"
          ]
        },
        {
          "value": "64 (4.0)",
          "rowHeaders": [
            "Strictly enforced car smoking policy at baseline",
            "No",
            "1587"
          ],
          "columnHeaders": [
            "TABLE 3 Predictors of Parental Confirmed Quits in the Total Randomized Population",
            "Quit, n (%)"
          ]
        },
        {
          "value": ".024",
          "rowHeaders": [
            "Any assistance",
            "1587",
            "1.13-3.19"
          ],
          "columnHeaders": [
            "TABLE 3 Predictors of Parental Confirmed Quits in the Total Randomized Population",
            "P"
          ]
        },
        {
          "value": "51 (5.4%)",
          "rowHeaders": [
            "Strictly enforced car smoking policy at baseline",
            "Yes",
            "950"
          ],
          "columnHeaders": [
            "TABLE 3 Predictors of Parental Confirmed Quits in the Total Randomized Population",
            "Quit, n (%)"
          ]
        },
        {
          "value": "32 (3.1%)",
          "rowHeaders": [
            "Strictly enforced car smoking policy at baseline",
            "No",
            "1030"
          ],
          "columnHeaders": [
            "TABLE 3 Predictors of Parental Confirmed Quits in the Total Randomized Population",
            "Quit, n (%)"
          ]
        },
        {
          "value": "12 months after the baseline visit.",
          "rowHeaders": [
            "a At either the baseline visit or within"
          ],
          "columnHeaders": [
            "TABLE 3 Predictors of Parental Confirmed Quits in the Total Randomized Population",
            "Total, N"
          ]
        },
        {
          "value": "1.89",
          "rowHeaders": [
            "Assistance: any assistance versus no assistance at all",
            "1030"
          ],
          "columnHeaders": [
            "TABLE 3 Predictors of Parental Confirmed Quits in the Total Randomized Population",
            "Total, N",
            "OR"
          ]
        },
        {
          "value": ".016",
          "rowHeaders": [
            "Assistance: any assistance versus no assistance at all",
            "1030",
            "1.13-3.19"
          ],
          "columnHeaders": [
            "TABLE 3 Predictors of Parental Confirmed Quits in the Total Randomized Population",
            "P",
            "P"
          ]
        },
        {
          "value": "1.71",
          "rowHeaders": [
            "Age of the child: $1 year/unknown versus ,1 year",
            "1030"
          ],
          "columnHeaders": [
            "TABLE 3 Predictors of Parental Confirmed Quits in the Total Randomized Population",
            "Total, N",
            "OR"
          ]
        },
        {
          "value": ".065",
          "rowHeaders": [
            "Age of the child: $1 year/unknown versus ,1 year",
            "1030",
            "0.97-3.01"
          ],
          "columnHeaders": [
            "TABLE 3 Predictors of Parental Confirmed Quits in the Total Randomized Population",
            "P",
            "P"
          ]
        },
        {
          "value": "1.48",
          "rowHeaders": [
            "Private insurance/HMO: yes versus no",
            "1030"
          ],
          "columnHeaders": [
            "TABLE 3 Predictors of Parental Confirmed Quits in the Total Randomized Population",
            "Total, N",
            "OR"
          ]
        },
        {
          "value": ".20",
          "rowHeaders": [
            "Private insurance/HMO: yes versus no",
            "1030",
            "0.81-2.70"
          ],
          "columnHeaders": [
            "TABLE 3 Predictors of Parental Confirmed Quits in the Total Randomized Population",
            "P",
            "P"
          ]
        },
        {
          "value": "0.61",
          "rowHeaders": [
            "Parent gender: male versus female",
            "1030"
          ],
          "columnHeaders": [
            "TABLE 3 Predictors of Parental Confirmed Quits in the Total Randomized Population",
            "Total, N",
            "OR"
          ]
        },
        {
          "value": ".067",
          "rowHeaders": [
            "Parent gender: male versus female",
            "1030",
            "0.37-1.04"
          ],
          "columnHeaders": [
            "TABLE 3 Predictors of Parental Confirmed Quits in the Total Randomized Population",
            "P",
            "P"
          ]
        },
        {
          "value": "0.36",
          "rowHeaders": [
            "Race: other versus white",
            "1030"
          ],
          "columnHeaders": [
            "TABLE 3 Predictors of Parental Confirmed Quits in the Total Randomized Population",
            "Total, N",
            "OR"
          ]
        },
        {
          "value": ",.0001",
          "rowHeaders": [
            "Race: other versus white",
            "1030",
            "0.22-0.60"
          ],
          "columnHeaders": [
            "TABLE 3 Predictors of Parental Confirmed Quits in the Total Randomized Population",
            "P",
            "P"
          ]
        },
        {
          "value": "0.74",
          "rowHeaders": [
            "Frequency of smoking: everyday/unknown versus some days",
            "1030"
          ],
          "columnHeaders": [
            "TABLE 3 Predictors of Parental Confirmed Quits in the Total Randomized Population",
            "Total, N",
            "OR"
          ]
        },
        {
          "value": ".20",
          "rowHeaders": [
            "Frequency of smoking: everyday/unknown versus some days",
            "1030",
            "0.47-1.18"
          ],
          "columnHeaders": [
            "TABLE 3 Predictors of Parental Confirmed Quits in the Total Randomized Population",
            "P",
            "P"
          ]
        },
        {
          "value": "0.24",
          "rowHeaders": [
            "Cigarettes per day: $10 versus ,10",
            "1030"
          ],
          "columnHeaders": [
            "TABLE 3 Predictors of Parental Confirmed Quits in the Total Randomized Population",
            "Total, N",
            "OR"
          ]
        },
        {
          "value": ",.0001",
          "rowHeaders": [
            "Cigarettes per day: $10 versus ,10",
            "1030",
            "0.16-0.35"
          ],
          "columnHeaders": [
            "TABLE 3 Predictors of Parental Confirmed Quits in the Total Randomized Population",
            "P",
            "P"
          ]
        },
        {
          "value": "30 days versus quit 6 months",
          "rowHeaders": [
            "Stage of quit: quit"
          ],
          "columnHeaders": [
            "TABLE 3 Predictors of Parental Confirmed Quits in the Total Randomized Population",
            "Characteristic",
            "Characteristic"
          ]
        },
        {
          "value": "1.74",
          "rowHeaders": [
            "Stage of quit: quit",
            "1030"
          ],
          "columnHeaders": [
            "TABLE 3 Predictors of Parental Confirmed Quits in the Total Randomized Population",
            "Total, N",
            "OR"
          ]
        },
        {
          "value": ".12",
          "rowHeaders": [
            "Stage of quit: quit",
            "1030",
            "0.86-3.50"
          ],
          "columnHeaders": [
            "TABLE 3 Predictors of Parental Confirmed Quits in the Total Randomized Population",
            "P",
            "P"
          ]
        },
        {
          "value": "1.52",
          "rowHeaders": [
            "Stage of quit: quit 6 months versus no plan to quit",
            "1030"
          ],
          "columnHeaders": [
            "TABLE 3 Predictors of Parental Confirmed Quits in the Total Randomized Population",
            "Total, N",
            "OR"
          ]
        },
        {
          "value": ".15",
          "rowHeaders": [
            "Stage of quit: quit 6 months versus no plan to quit",
            "1030",
            "0.86-2.68"
          ],
          "columnHeaders": [
            "TABLE 3 Predictors of Parental Confirmed Quits in the Total Randomized Population",
            "P",
            "P"
          ]
        }
      ],
      "page": 1
    },
    {
      "type": "TABLE",
      "cells": [
        {
          "value": ".88",
          "rowHeaders": [
            "Arm",
            ",30 years/unknown",
            "981",
            "1.13-3.19"
          ],
          "columnHeaders": [
            "TABLE 3 Predictors of Parental Confirmed Quits in the Total Randomized Population",
            "P"
          ]
        },
        {
          "value": "40 (4.1)",
          "rowHeaders": [
            "Age of the parent",
            "Control",
            "981"
          ],
          "columnHeaders": [
            "TABLE 3 Predictors of Parental Confirmed Quits in the Total Randomized Population",
            "Quit, n (%)"
          ]
        },
        {
          "value": "43 (4.3)",
          "rowHeaders": [
            "Age of the parent",
            "Intervention",
            "999"
          ],
          "columnHeaders": [
            "TABLE 3 Predictors of Parental Confirmed Quits in the Total Randomized Population",
            "Quit, n (%)"
          ]
        },
        {
          "value": ".28",
          "rowHeaders": [
            "Age of the parent",
            "1059",
            "1.13-3.19"
          ],
          "columnHeaders": [
            "TABLE 3 Predictors of Parental Confirmed Quits in the Total Randomized Population",
            "P"
          ]
        },
        {
          "value": "49 (4.6)",
          "rowHeaders": [
            "Age of the parent",
            ",30 years/unknown",
            "1059"
          ],
          "columnHeaders": [
            "TABLE 3 Predictors of Parental Confirmed Quits in the Total Randomized Population",
            "Quit, n (%)"
          ]
        },
        {
          "value": "34 (3.7)",
          "rowHeaders": [
            "Age of the parent",
            "$30 years",
            "921"
          ],
          "columnHeaders": [
            "TABLE 3 Predictors of Parental Confirmed Quits in the Total Randomized Population",
            "Quit, n (%)"
          ]
        },
        {
          "value": ".009",
          "rowHeaders": [
            "Gender",
            "High school graduate or higher",
            "921",
            "1.13-3.19"
          ],
          "columnHeaders": [
            "TABLE 3 Predictors of Parental Confirmed Quits in the Total Randomized Population",
            "P"
          ]
        },
        {
          "value": "10 (2.3)",
          "rowHeaders": [
            "Age of the parent",
            "Male",
            "429"
          ],
          "columnHeaders": [
            "TABLE 3 Predictors of Parental Confirmed Quits in the Total Randomized Population",
            "Quit, n (%)"
          ]
        },
        {
          "value": "73 (4.7)",
          "rowHeaders": [
            "Age of the parent",
            "Female",
            "1551"
          ],
          "columnHeaders": [
            "TABLE 3 Predictors of Parental Confirmed Quits in the Total Randomized Population",
            "Quit, n (%)"
          ]
        },
        {
          "value": ".019",
          "rowHeaders": [
            "Race",
            "High school graduate or higher",
            "1331",
            "1.13-3.19"
          ],
          "columnHeaders": [
            "TABLE 3 Predictors of Parental Confirmed Quits in the Total Randomized Population",
            "P"
          ]
        },
        {
          "value": "67 (5.0)",
          "rowHeaders": [
            "Frequency of smoking at baseline",
            "White",
            "1331"
          ],
          "columnHeaders": [
            "TABLE 3 Predictors of Parental Confirmed Quits in the Total Randomized Population",
            "Quit, n (%)"
          ]
        },
        {
          "value": "16 (2.5)",
          "rowHeaders": [
            "Frequency of smoking at baseline",
            "Other",
            "649"
          ],
          "columnHeaders": [
            "TABLE 3 Predictors of Parental Confirmed Quits in the Total Randomized Population",
            "Quit, n (%)"
          ]
        },
        {
          "value": ".22",
          "rowHeaders": [
            "Education",
            "1222",
            "1.13-3.19"
          ],
          "columnHeaders": [
            "TABLE 3 Predictors of Parental Confirmed Quits in the Total Randomized Population",
            "P"
          ]
        },
        {
          "value": "45 (3.7)",
          "rowHeaders": [
            "Frequency of smoking at baseline",
            "Less than high school",
            "1222"
          ],
          "columnHeaders": [
            "TABLE 3 Predictors of Parental Confirmed Quits in the Total Randomized Population",
            "Quit, n (%)"
          ]
        },
        {
          "value": "38 (5.0)",
          "rowHeaders": [
            "Frequency of smoking at baseline",
            "High school graduate or higher",
            "758"
          ],
          "columnHeaders": [
            "TABLE 3 Predictors of Parental Confirmed Quits in the Total Randomized Population",
            "Quit, n (%)"
          ]
        },
        {
          "value": ".16",
          "rowHeaders": [
            "Child'",
            "s age",
            "523",
            "1.13-3.19"
          ],
          "columnHeaders": [
            "TABLE 3 Predictors of Parental Confirmed Quits in the Total Randomized Population",
            "P"
          ]
        },
        {
          "value": "16 (3.1)",
          "rowHeaders": [
            "Frequency of smoking at baseline",
            ",1 years",
            "523"
          ],
          "columnHeaders": [
            "TABLE 3 Predictors of Parental Confirmed Quits in the Total Randomized Population",
            "Quit, n (%)"
          ]
        },
        {
          "value": "67 (4.6)",
          "rowHeaders": [
            "Frequency of smoking at baseline",
            "$1 year/unknown",
            "1457"
          ],
          "columnHeaders": [
            "TABLE 3 Predictors of Parental Confirmed Quits in the Total Randomized Population",
            "Quit, n (%)"
          ]
        },
        {
          "value": ".21",
          "rowHeaders": [
            "Medicaid",
            "1330",
            "1.13-3.19"
          ],
          "columnHeaders": [
            "TABLE 3 Predictors of Parental Confirmed Quits in the Total Randomized Population",
            "P"
          ]
        },
        {
          "value": "50 (3.8)",
          "rowHeaders": [
            "Frequency of smoking at baseline",
            "Yes",
            "1330"
          ],
          "columnHeaders": [
            "TABLE 3 Predictors of Parental Confirmed Quits in the Total Randomized Population",
            "Quit, n (%)"
          ]
        },
        {
          "value": "33 (5.1)",
          "rowHeaders": [
            "Frequency of smoking at baseline",
            "No",
            "650"
          ],
          "columnHeaders": [
            "TABLE 3 Predictors of Parental Confirmed Quits in the Total Randomized Population",
            "Quit, n (%)"
          ]
        },
        {
          "value": ".13",
          "rowHeaders": [
            "Private insurance/HMO",
            "650",
            "1.13-3.19"
          ],
          "columnHeaders": [
            "TABLE 3 Predictors of Parental Confirmed Quits in the Total Randomized Population",
            "P"
          ]
        },
        {
          "value": "29 (5.7)",
          "rowHeaders": [
            "Number of cigarettes/day at baseline",
            "Yes",
            "511"
          ],
          "columnHeaders": [
            "TABLE 3 Predictors of Parental Confirmed Quits in the Total Randomized Population",
            "Quit, n (%)"
          ]
        },
        {
          "value": "54 (3.7)",
          "rowHeaders": [
            "Number of cigarettes/day at baseline",
            "No",
            "1469"
          ],
          "columnHeaders": [
            "TABLE 3 Predictors of Parental Confirmed Quits in the Total Randomized Population",
            "Quit, n (%)"
          ]
        },
        {
          "value": ".008",
          "rowHeaders": [
            "Frequency of smoking at baseline",
            "1469",
            "1.13-3.19"
          ],
          "columnHeaders": [
            "TABLE 3 Predictors of Parental Confirmed Quits in the Total Randomized Population",
            "P"
          ]
        },
        {
          "value": "59 (3.5)",
          "rowHeaders": [
            "Number of cigarettes/day at baseline",
            "Everyday",
            "1680"
          ],
          "columnHeaders": [
            "TABLE 3 Predictors of Parental Confirmed Quits in the Total Randomized Population",
            "Quit, n (%)"
          ]
        },
        {
          "value": "24 (8.0)",
          "rowHeaders": [
            "Number of cigarettes/day at baseline",
            "Some days",
            "300"
          ],
          "columnHeaders": [
            "TABLE 3 Predictors of Parental Confirmed Quits in the Total Randomized Population",
            "Quit, n (%)"
          ]
        },
        {
          "value": ",.0001",
          "rowHeaders": [
            "Number of cigarettes/day at baseline",
            "300",
            "1.13-3.19"
          ],
          "columnHeaders": [
            "TABLE 3 Predictors of Parental Confirmed Quits in the Total Randomized Population",
            "P"
          ]
        },
        {
          "value": "61 (7.1)",
          "rowHeaders": [
            "Strictly enforced home smoking policy at baseline",
            ",10 cigarettes/day",
            "862"
          ],
          "columnHeaders": [
            "TABLE 3 Predictors of Parental Confirmed Quits in the Total Randomized Population",
            "Quit, n (%)"
          ]
        },
        {
          "value": "22 (2.0)",
          "rowHeaders": [
            "Strictly enforced home smoking policy at baseline",
            "$10 cigarettes/day",
            "1118"
          ],
          "columnHeaders": [
            "TABLE 3 Predictors of Parental Confirmed Quits in the Total Randomized Population",
            "Quit, n (%)"
          ]
        },
        {
          "value": ".92",
          "rowHeaders": [
            "Other smokers in home",
            "1118",
            "1.13-3.19"
          ],
          "columnHeaders": [
            "TABLE 3 Predictors of Parental Confirmed Quits in the Total Randomized Population",
            "P"
          ]
        },
        {
          "value": "49 (4.2)",
          "rowHeaders": [
            "Strictly enforced home smoking policy at baseline",
            "Yes",
            "1176"
          ],
          "columnHeaders": [
            "TABLE 3 Predictors of Parental Confirmed Quits in the Total Randomized Population",
            "Quit, n (%)"
          ]
        },
        {
          "value": "34 (4.2)",
          "rowHeaders": [
            "Strictly enforced home smoking policy at baseline",
            "No",
            "804"
          ],
          "columnHeaders": [
            "TABLE 3 Predictors of Parental Confirmed Quits in the Total Randomized Population",
            "Quit, n (%)"
          ]
        },
        {
          "value": ".048",
          "rowHeaders": [
            "Stage of quitting at baseline",
            "804",
            "1.13-3.19"
          ],
          "columnHeaders": [
            "TABLE 3 Predictors of Parental Confirmed Quits in the Total Randomized Population",
            "P"
          ]
        },
        {
          "value": "30 days",
          "rowHeaders": [
            "Any assistance",
            "Plan to quit in"
          ],
          "columnHeaders": [
            "TABLE 3 Predictors of Parental Confirmed Quits in the Total Randomized Population",
            "Characteristic"
          ]
        },
        {
          "value": "46 (5.5)",
          "rowHeaders": [
            "Strictly enforced home smoking policy at baseline",
            "Plan to quit in",
            "841"
          ],
          "columnHeaders": [
            "TABLE 3 Predictors of Parental Confirmed Quits in the Total Randomized Population",
            "Quit, n (%)"
          ]
        },
        {
          "value": "22 (3.9)",
          "rowHeaders": [
            "Strictly enforced home smoking policy at baseline",
            "Plan to quit in 6 months",
            "564"
          ],
          "columnHeaders": [
            "TABLE 3 Predictors of Parental Confirmed Quits in the Total Randomized Population",
            "Quit, n (%)"
          ]
        },
        {
          "value": "15 (2.6)",
          "rowHeaders": [
            "Strictly enforced home smoking policy at baseline",
            "No plan to quit within 6 months",
            "574"
          ],
          "columnHeaders": [
            "TABLE 3 Predictors of Parental Confirmed Quits in the Total Randomized Population",
            "Quit, n (%)"
          ]
        },
        {
          "value": ".40",
          "rowHeaders": [
            "Strictly enforced home smoking policy at baseline",
            "1041",
            "1.13-3.19"
          ],
          "columnHeaders": [
            "TABLE 3 Predictors of Parental Confirmed Quits in the Total Randomized Population",
            "P"
          ]
        },
        {
          "value": "47 (4.5)",
          "rowHeaders": [
            "Strictly enforced home smoking policy at baseline",
            "Yes",
            "1041"
          ],
          "columnHeaders": [
            "TABLE 3 Predictors of Parental Confirmed Quits in the Total Randomized Population",
            "Quit, n (%)"
          ]
        },
        {
          "value": "36 (3.9)",
          "rowHeaders": [
            "Strictly enforced home smoking policy at baseline",
            "No",
            "939"
          ],
          "columnHeaders": [
            "TABLE 3 Predictors of Parental Confirmed Quits in the Total Randomized Population",
            "Quit, n (%)"
          ]
        },
        {
          "value": ".51",
          "rowHeaders": [
            "Strictly enforced car smoking policy at baseline",
            "939",
            "1.13-3.19"
          ],
          "columnHeaders": [
            "TABLE 3 Predictors of Parental Confirmed Quits in the Total Randomized Population",
            "P"
          ]
        },
        {
          "value": "19 (4.8)",
          "rowHeaders": [
            "Strictly enforced home smoking policy at baseline",
            "Yes",
            "393"
          ],
          "columnHeaders": [
            "TABLE 3 Predictors of Parental Confirmed Quits in the Total Randomized Population",
            "Quit, n (%)"
          ]
        },
        {
          "value": "64 (4.0)",
          "rowHeaders": [
            "Strictly enforced car smoking policy at baseline",
            "No",
            "1587"
          ],
          "columnHeaders": [
            "TABLE 3 Predictors of Parental Confirmed Quits in the Total Randomized Population",
            "Quit, n (%)"
          ]
        },
        {
          "value": ".024",
          "rowHeaders": [
            "Any assistance",
            "1587",
            "1.13-3.19"
          ],
          "columnHeaders": [
            "TABLE 3 Predictors of Parental Confirmed Quits in the Total Randomized Population",
            "P"
          ]
        },
        {
          "value": "51 (5.4%)",
          "rowHeaders": [
            "Strictly enforced car smoking policy at baseline",
            "Yes",
            "950"
          ],
          "columnHeaders": [
            "TABLE 3 Predictors of Parental Confirmed Quits in the Total Randomized Population",
            "Quit, n (%)"
          ]
        },
        {
          "value": "32 (3.1%)",
          "rowHeaders": [
            "Strictly enforced car smoking policy at baseline",
            "No",
            "1030"
          ],
          "columnHeaders": [
            "TABLE 3 Predictors of Parental Confirmed Quits in the Total Randomized Population",
            "Quit, n (%)"
          ]
        },
        {
          "value": "12 months after the baseline visit.",
          "rowHeaders": [
            "a At either the baseline visit or within"
          ],
          "columnHeaders": [
            "TABLE 3 Predictors of Parental Confirmed Quits in the Total Randomized Population",
            "Total, N"
          ]
        },
        {
          "value": "1.89",
          "rowHeaders": [
            "Assistance: any assistance versus no assistance at all",
            "1030"
          ],
          "columnHeaders": [
            "TABLE 3 Predictors of Parental Confirmed Quits in the Total Randomized Population",
            "Total, N",
            "OR"
          ]
        },
        {
          "value": ".016",
          "rowHeaders": [
            "Assistance: any assistance versus no assistance at all",
            "1030",
            "1.13-3.19"
          ],
          "columnHeaders": [
            "TABLE 3 Predictors of Parental Confirmed Quits in the Total Randomized Population",
            "P",
            "P"
          ]
        },
        {
          "value": "1.71",
          "rowHeaders": [
            "Age of the child: $1 year/unknown versus ,1 year",
            "1030"
          ],
          "columnHeaders": [
            "TABLE 3 Predictors of Parental Confirmed Quits in the Total Randomized Population",
            "Total, N",
            "OR"
          ]
        },
        {
          "value": ".065",
          "rowHeaders": [
            "Age of the child: $1 year/unknown versus ,1 year",
            "1030",
            "0.97-3.01"
          ],
          "columnHeaders": [
            "TABLE 3 Predictors of Parental Confirmed Quits in the Total Randomized Population",
            "P",
            "P"
          ]
        },
        {
          "value": "1.48",
          "rowHeaders": [
            "Private insurance/HMO: yes versus no",
            "1030"
          ],
          "columnHeaders": [
            "TABLE 3 Predictors of Parental Confirmed Quits in the Total Randomized Population",
            "Total, N",
            "OR"
          ]
        },
        {
          "value": ".20",
          "rowHeaders": [
            "Private insurance/HMO: yes versus no",
            "1030",
            "0.81-2.70"
          ],
          "columnHeaders": [
            "TABLE 3 Predictors of Parental Confirmed Quits in the Total Randomized Population",
            "P",
            "P"
          ]
        },
        {
          "value": "0.61",
          "rowHeaders": [
            "Parent gender: male versus female",
            "1030"
          ],
          "columnHeaders": [
            "TABLE 3 Predictors of Parental Confirmed Quits in the Total Randomized Population",
            "Total, N",
            "OR"
          ]
        },
        {
          "value": ".067",
          "rowHeaders": [
            "Parent gender: male versus female",
            "1030",
            "0.37-1.04"
          ],
          "columnHeaders": [
            "TABLE 3 Predictors of Parental Confirmed Quits in the Total Randomized Population",
            "P",
            "P"
          ]
        },
        {
          "value": "0.36",
          "rowHeaders": [
            "Race: other versus white",
            "1030"
          ],
          "columnHeaders": [
            "TABLE 3 Predictors of Parental Confirmed Quits in the Total Randomized Population",
            "Total, N",
            "OR"
          ]
        },
        {
          "value": ",.0001",
          "rowHeaders": [
            "Race: other versus white",
            "1030",
            "0.22-0.60"
          ],
          "columnHeaders": [
            "TABLE 3 Predictors of Parental Confirmed Quits in the Total Randomized Population",
            "P",
            "P"
          ]
        },
        {
          "value": "0.74",
          "rowHeaders": [
            "Frequency of smoking: everyday/unknown versus some days",
            "1030"
          ],
          "columnHeaders": [
            "TABLE 3 Predictors of Parental Confirmed Quits in the Total Randomized Population",
            "Total, N",
            "OR"
          ]
        },
        {
          "value": ".20",
          "rowHeaders": [
            "Frequency of smoking: everyday/unknown versus some days",
            "1030",
            "0.47-1.18"
          ],
          "columnHeaders": [
            "TABLE 3 Predictors of Parental Confirmed Quits in the Total Randomized Population",
            "P",
            "P"
          ]
        },
        {
          "value": "0.24",
          "rowHeaders": [
            "Cigarettes per day: $10 versus ,10",
            "1030"
          ],
          "columnHeaders": [
            "TABLE 3 Predictors of Parental Confirmed Quits in the Total Randomized Population",
            "Total, N",
            "OR"
          ]
        },
        {
          "value": ",.0001",
          "rowHeaders": [
            "Cigarettes per day: $10 versus ,10",
            "1030",
            "0.16-0.35"
          ],
          "columnHeaders": [
            "TABLE 3 Predictors of Parental Confirmed Quits in the Total Randomized Population",
            "P",
            "P"
          ]
        },
        {
          "value": "30 days versus quit 6 months",
          "rowHeaders": [
            "Stage of quit: quit"
          ],
          "columnHeaders": [
            "TABLE 3 Predictors of Parental Confirmed Quits in the Total Randomized Population",
            "Characteristic",
            "Characteristic"
          ]
        },
        {
          "value": "1.74",
          "rowHeaders": [
            "Stage of quit: quit",
            "1030"
          ],
          "columnHeaders": [
            "TABLE 3 Predictors of Parental Confirmed Quits in the Total Randomized Population",
            "Total, N",
            "OR"
          ]
        },
        {
          "value": ".12",
          "rowHeaders": [
            "Stage of quit: quit",
            "1030",
            "0.86-3.50"
          ],
          "columnHeaders": [
            "TABLE 3 Predictors of Parental Confirmed Quits in the Total Randomized Population",
            "P",
            "P"
          ]
        },
        {
          "value": "1.52",
          "rowHeaders": [
            "Stage of quit: quit 6 months versus no plan to quit",
            "1030"
          ],
          "columnHeaders": [
            "TABLE 3 Predictors of Parental Confirmed Quits in the Total Randomized Population",
            "Total, N",
            "OR"
          ]
        },
        {
          "value": ".15",
          "rowHeaders": [
            "Stage of quit: quit 6 months versus no plan to quit",
            "1030",
            "0.86-2.68"
          ],
          "columnHeaders": [
            "TABLE 3 Predictors of Parental Confirmed Quits in the Total Randomized Population",
            "P",
            "P"
          ]
        }
      ],
      "page": 1
    }
  ]
}
